Key;English;French;German;Polish;Spanish;Italian;Swedish;Czech;Hungarian;Dutch;Portuguese;Russian;Finnish
accept_belarussians_title;Grant Equal Rights to the White Ruthenians;;;;;;;;;;;;;
accept_belarussians_desc;While far from our height many centuries ago, our recent conquest of White Ruthenia puts our nation in a peculiar position. Even if there were always Slavs in our nation after our independence, now, with the inclusion of our old territories, the White Ruthenians became a sizeable portion of our population, with our people becoming a minority in our own nation. Now, our ministers suggest that the best course of action would be to, instead of letting our peoples fight against each other within our own borders, we should integrate the people of White Ruthenia in our nation, granting them equal rights to Lithuanians and finding unity in our shared history under foreign rule.;;;;;;;;;;;;;
EVTDESC31502013;After achieving our independence from the Russians, the Baltic Landtag would hand over power to the military as a temporary measure as our nation started to function as a modern, independent state. But now, as the anniversary of our independence comes near, protests started to appear, with voices asking for more representation and for the army to step down, calling our government "The Landtag of Steel". At first, the unrest was easy to deal with, but as people went to the streets again and again, with even bigger numbers each time. Our ministers advise that if we don't act now, we risk losing control the situation and risking our control over the entire Baltic.;;;;;;;;;;;;;
EVTDESC31502014;Being the most recent addition to the Baltic State, Lithuania had already a pretty sizeable independence movement mobilized. With unrest getting more and more out of control, a bunch of proeminent Lithuanian figures declared independence from us and most of our lithunian troops already defected to this new state. While our first instinct is to kill this new Lithuanian nation right out of its craddle, we have been advised by some of our generals that mobilizing against Lithuania would put our other territories open to further rebellion. Thus, it may be a good idea to let Lithuania go for now, lest we lose Estonia or even Latvia.;;;;;;;;;;;;;
EVTDESC31502015;After a tense week of protests in Estonia, we received news that Estonia has been taken by complete chaos, with local regiments mutinying against of rule and joining the calls for representation and independence. It seems that we have completely lost control over Estonia, with drafts of an independence declaration already being writen in Reval. With the lost of most Estonian regiments in our army, we are presented with two options, to either cross into Estonia and try put down their dreams of an independent state or to know that, for now, Estonia and lost and all we can do is to try to crush any dissent in Latvia with the troops that haven't deserted us yet.;;;;;;;;;;;;;
EVTDESC31502016;Even after being able to hold Latvia for so long, lost control over most of it. The countryside has long been prone to attacks from guerrilla, but now the Latvian masses have taken control over most major cities, with our Latvian brigades in open mutiny and some of our German troops finding themselves cut off from the government in our capital. We have barely managed to hold Riga, with most of the acess to the city being closed, with the city under martial law. With most of the country falling into enemy hands, we hear about Latvia declaring formal independence in Mitau. The Landtag was called to an emergency session to decide between our options, to fight to our last man, to capitulate to the Latvians or to bunker up in Riga and ask for German help.;;;;;;;;;;;;;
EVTDESC31502017;Our diplomats in Riga have been watching over the situation in the Baltic State as the German government in ther slowly lost control over their territories that once hailed them as liberators. Talks about the slow dissolution of the Baltic State were a hot topic over in our capital, both between our politicians and generals. While our government would have been happy to intervene and save our baltic brothers at any moment, the truth is that the Baltic State acted with inaction and just did nothing as their state slowly collapsed. Now after Latvia declaring independence, what is left of the Baltic government in Riga asked for our protection, offering us control over most of their government.;;;;;;;;;;;;;
EVTDESC31502018;Even if we were reduced to German puppet, at least with their help we managed to get our land back and be worthy of being considerd more than a city-state.;;;;;;;;;;;;;
EVTDESC31502019;As the Sun rose, it was a quiet morning in the Baltic State. After fighting a war agianst itself, the Baltic State finally had a day that no shot was fired and no blood was shed. It was a well deserved morning, after all turmoil, normalcy has finally returned to the Baltic, even if that is not to say that nothing changed. The message was clear for everyone, after quelling revolts all over the country, dissent would not be tolerated and the Germans were here to stay. That was clear when looking at the Baltic Military, once being an army composed from Germans and Baltic natives, after many desertions and purges it became mostly a German force, with non-Germans serving as auxiliaries. Most foreign observers have noted that the Baltic Army became quite a formidable force, that will not hesitate to put down any new revolt that dares to show its ugly head. In the end, the Baltic people that fought for independence have traded their old Russian overlords for German ones.;;;;;;;;;;;;;
all_german_military;All-German Military;;;;;;;;;;;;;
GER_sway_the_baltic_title;The Baltic Question;;;;;;;;;;;;;
GER_sway_the_baltic_desc;With our victory in the Baltic, our new allies in the East soon will have to choose how their new nation will be governed. As the guarantors of their independence, we naturally hold a great deal of influence with them, being offered to send representatives to the upcoming meeting in Riga. We should decide what will be our agenda in Riga and in which direction we will sway their decision into.;;;;;;;;;;;;;
EVTDESC31502020;As we decide how to influence our new Baltic allies, some questions emerge on how to influence their future government. Some very vocal voices tell us to take every step to turn them into our puppet, but we probably should act with caution, lest we alienate our new and valuable ally. One of the more reasonable options has been to send the Grand Duke of Mecklenburg-Schwerin, an ally of ours that has been invited to bid for the throne by Baltic Monarchists. Furthermore, parts of our delegation recommend instead that we send some liberal agitators to the Baltic to create a more liberal German state to relieve us from unrest. And last but not least, we could send some envoys to their military, suggesting them to take power, for a time, of course...;;;;;;;;;;;;;
UBD_strike_first_title;Declare a War for Baltic Independence;;;;;;;;;;;;;
UBD_strike_first_desc;With the consolidation of Baltic administration and our underhand deal with Berlin struck, we are starting to take steps to make sure Russia can't curtail Baltic autonomy. Our people got in contact with Latvian and Estonian leaders, to talk about the possibility of Baltic independence, and for the nation to stay united as a state of Germans, Latvians and Estonians. Not only did we manage to strike a deal with their leadership, but they also offered to get in contact with some Latvians and Estonians in Dinaburg and Pechory to have them rise up and join the Baltic struggle for independence. Now, with everything ready, all that is left is to cast the die and depose our Russian overlords.;;;;;;;;;;;;;
UBD_claim_ingria_desc;§RGain 12.5 infamy§! When the Baltic was first conquered from Sweden, Peter the Great of Russia handed the ruling of the Baltic to his, very corrupt, right-hand man and governor of Ingria. While he fell from the position even before the governorates were properly established, with our position in the Baltic and independence from Russia secured, the ambitions of our state grew, and Ingria became subject to the interest of war hawks and jingoists alike. With our independence, the Russian government has formally declared the transfer of the Imperial Capital from Saint Petersburg to Moscow, undoing Peter the Great's work, with some arguing that now would be the perfect time to claim Ingria. If we were to seize Ingria and St. Petersburg, we would be pretty much expelling Russia from the Baltic Sea, forever tarnishing the legacy their tsars fought to build.;;;;;;;;;;;;;
UBD_claim_ingria_title;Claim Ingria;;;;;;;;;;;;;
EVTDESC31502022;Throughout the cities of Vilnius, Riga and Reval, massive crowds had turned out in celebration of the expulsion of Russians from their region! After wrestling their freedom from the maw of the Russian Bear, the Baltics are finally free after almost two centuries of Russian dominance. Today, the Baltic people put aside their differences to relish in their newfound freedom and independence from foreign rule. Though celebratory, the Baltic people remain worried that Moscow will attempt to reconquer the region. Despite the future threats from Moscow, the Baltics have achieved self-determination that will never be vanquished!;;;;;;;;;;;;;
unite_poland_galicia_title;Unite Poland with Galicia;;;;;;;;;;;;;
unite_poland_galicia_desc;§RGain 2 infamy§! Despite being once a great state in Eastern Europe, after being partitioned time and time again, the Polish people were divided between Austria, Prussia and Russia. Now, with our significant influence in Polish lands, we could not only partially right this wrong, but also strengthen our Polish allies by pushing to unite Poland with Galicia-Lodomeria, while also taking the opportunity to solve some minor claims the Polish have on us. While the Polish people sure will appreciate the unification, the other powers won't be pleased to see us redrawing Eastern Europe in such a way.;;;;;;;;;;;;;
claim_duchy_estonia_desc;§RGain 3 infamy§! While we were considered by many as a power in decline after the Napoleonic Wars and the loss of Norway, it has become clear that those years of humiliation are behind us. As our nation is once again respected on the world stage, it would only be natural that we start looking into old claims that we could use to solidify our newfound position and prestige. One of the bolder suggestions circulating within our government is that of the Estonian claim. Not only because we held it as a duchy for about a century, but also due to the importance of Estonia in regard to our history - with the legend about the origins of the Dannebog, our flag, in the Battle of Lindanise, during the Livonian Crusade.;;;;;;;;;;;;;
claim_duchy_estonia_title;Reclaim the Duchy of Estland;;;;;;;;;;;;;
subdue_baltic_desc;With our recent defeats in the Baltic, we took a significant blow to our international status. The annexation of the Baltic in the Great Northern War under Peter the Great centuries ago elevated Russia into a true European power and, while the loss of the Baltic won't undermine our position as major player in European politics, we can't deny that it left a sour taste in our mouths. To remedy that, we could reassert our position in the Baltic Sea and claim that the Baltic states do not deserve independence and are still an integral part of our territory.;;;;;;;;;;;;;
subdue_baltic_title;Oppose Baltic Liberty;;;;;;;;;;;;;
EVTDESC49511A;With our increased influence in Scandinavia, the matter of the North Atlantic Islands has increasingly come to the attention of our government. While Greenland, Iceland and the Faroe Islands were awarded to Denmark after the loss of Norway in 1814, they are now under our indirect control. This has prompted some of our advisors to suggest that we should take direct control of them, thus ensuring that we would retain absolute control over the North Atlantic in the event of our Scandinavian allies breaking away.;;;;;;;;;;;;;
EVTDESC49512A;Our new overlords have moved to seize Greenland, Iceland and the Faroe Islands from us.;;;;;;;;;;;;;
unite_greece_title;Unite Greece;;;;;;;;;;;;;
unite_greece_desc;Ever since the end of the Byzantine Empire, the Greek people have never been unified into a single nation. While Attica and Peloponnese managed to be part of the new Greek nation, Greeks in the Aegean sea and Anatolia weren't so lucky, even if some of them recently managed to free themselves from Turkish overlordship. Now, with our control over Greece, the Greek people of the Aegean and Anatolia are skeptical of joining Greece, wary of our presence in the country. But, if we managed to increase our influence in these new states we could, in theory, make so their governments agree to join our Greek vassals, letting our puppet grow in strength.;;;;;;;;;;;;;
EVTDESC84205832;With our recent victories in the Caucasus against the Circassians and Dagestanis, our governance of the region came into question. While our "divide and conquer" strategies have been quite effective, the advisors to the Tsar have long since talked about how the Caucasus Namestnik needs some more oversight, with charges of corruption and incompetence being present since the we first left Karl Knorring in charge of the region. Now the question stands, should we further integrate the Namestnik, or should we let our viceroys have autonomy to expand the Russian hold in the region?;;;;;;;;;;;;;
ITA_create_yugoslavia_title;Organize Yugoslavia;;;;;;;;;;;;;
ITA_create_yugoslavia_desc;§RGain 5 infamy§! The Balkans have always been a playground for foreign empires. As we strive to prove ourselves as a true great power in Europe, we seek a sphere of influence of our own, with the Balkans emerging as the most promising target. By expanding our influence in the region, we can strip the Austrians and Turks of territory while creating allies who will be forever indebted to us, securing our place as the Masters of the Adriatic.;;;;;;;;;;;;;
RUS_create_yugoslavia_title;Hegemony over South Slavs;;;;;;;;;;;;;
RUS_create_yugoslavia_desc;§RGain 8 infamy§! The Balkans have always been a playground for foreign empires. Populated by South Slavic peoples, the region naturally falls within our sphere of influence, with many viewing us as brothers and liberators due to our role in freeing them from the Ottoman Empire. If we were to complete the liberation of the South Slavic people from the Ottoman and Austrian Empires, we could not only create a powerful ally but also gain access to a route that bypasses the Bosphorus and Dardanelles straits, allowing us to establish a naval presence in the Mediterranean Sea.;;;;;;;;;;;;;
AUS_create_yuguslavia_title;Quelling the Powder Keg;;;;;;;;;;;;;
AUS_create_yuguslavia_desc;§RGain 5 infamy§! The Balkans have always been a playground for foreign empires, including ourselves. We have long held an interest in the region, demonstrated by our control over Croatia and our rivalry with the Ottomans. While we have previously stated that we hold no interest in further expansion, the rise of nationalism has turned the Balkans into a powder keg waiting to explode. If we were to reassert our position, we might be able to organize the region in a way that quells the nationalist fires threatening to destabilize our empire in the future - even if it means angering Russia in the process.;;;;;;;;;;;;;
EVTDESC800800;As our position in the Balkans is secured, our troops move into the region and prepare to enforce the new borders being drawn in $CAPITAL$. Now, all that remains is to decide how we want the borders of the region to look. The only certainty is that we are to take control of Dalmatia and Vlorë and that there is to be a South Slavic state. However, the size of this nation remains a matter of discussion, as we may wish to strip it of some territory to make the region easier to control.;;;;;;;;;;;;;
EVTDESC800801;As our position in the Balkans is secured, our troops move into the region and prepare to enforce the new borders being drawn in $CAPITAL$. Now, all that remains is to decide how we want the borders of the region to look. While most of our advisors and supporters favour a strong South Slavic state, it may be in our best interest to break it up into smaller states so that they are easier to control while still remaining loyal allies in the region.;;;;;;;;;;;;;
EVTDESC800802;With the separation of Bulgaria from Belgrade, the matter of Macedonia has come to our attention. The region is a melting pot of Serbian, Bulgarian, and Albanian peoples and is claimed by both our new allies in Belgrade and by Bulgaria. Both parties have requested that we grant them definitive control over the region, which contains the port of Solun — a vital asset we plan to use to bypass the straits that confine us to the Black Sea. While the region has traditionally been part of Bulgaria, we could grant it to Belgrade as compensation for the loss of Bulgaria itself and other territories.;;;;;;;;;;;;;
EVTDESC800803;As our position in the Balkans is secured, our troops move into the region and prepare to enforce the new borders being drawn in $CAPITAL$. Now, all that remains is to decide how we want the borders of the region to look. Our plan is to annex Bosnia and then create a nominal South Slavic state by uniting Serbia and Montenegro under our supervision - turning a potential enemy into a permanent ally. Some of our advisors have even suggested annexing Belgrade and Montenegro outright, leaving Yugoslavia with only Serbia, with the possibility of integrating Bulgaria into it at a later stage.;;;;;;;;;;;;;
french_annex_sardinia_desc;§RGain 5 infamy§! Ever since our hegemony over Italy was established, our nation has only benefited — diplomatically, by having the entire peninsula as our ally, and economically, through French investors dominating Italy’s mines and factories. One such place is Sardinia. With its profitable mines and proximity to French Corsica, our investors have taken control of most of the economy on this otherwise isolated island. As a result, there has been growing outcry in Paris over the idea of annexing the island to secure its valuable resources. However, that is not to say the proposal has gone unopposed—many advisors argue that Sardinia has long been isolated from the rest of Italy and has a strong history of resisting outside influence. Still, our far-reaching economic presence may be a promising sign.;;;;;;;;;;;;;
french_annex_sardinia_title;Take over Sardinia;;;;;;;;;;;;;
EVTDESC800804;Following the crushing defeat by the French and the Treaty of New York, as if the loss of Louisiana was not enough, the French have also demanded that Texas and California join their puppet government in Mexico City, effectively restoring Mexico to its pre-1836 borders before the loss of Texas and the Mexico-American War. The only positive outcome is that the Anglo-Canadians have petitioned to join the Union as the state of Ontario - we will certainly need their help in reclaiming our destiny.;;;;;;;;;;;;;
form_NEE_title;Reform New England;;;;;;;;;;;;;
form_NEE_desc;Now that we united our region, the time has come to reform New England!;;;;;;;;;;;;;
EVTDESC1316087;While we were aware of the Sino-Japanese war happening to our south, our advisors believed that Imperial China would deal a significant blow to Japan's territorial ambition, but the Japanese have shocked the world by emerging triumphant. In the aftermath of their victory, Japan has imposed on China the Treaty of Shimonoseki, which not only ends Korea's status as a Chinese vassal, but also cedes to Japan the island of Formosa and—more importantly—the Liaodong Peninsula, in Manchuria. These developments pose a severe threat to our own interests in Manchuria. To resolve this, we could leverage support from Paris and Berlin to demand the Japanese withdraw from Liaodong, preventing their further encroachment on our sphere of influence.;;;;;;;;;;;;;
EVTDESC1316088;While our triumph over China is indeed an awe-inspiring feat, the resultant rising of our country to a regional powerhouse has not pleased some of our neighbors—notably the Russians. Today, we received a message from Russia demanding our withdrawal from the Liaodong Peninsula, threatening a multi-national coalition if we do not comply—hinting that the other great powers have pledged military support. While we were always wary of Russian ambition in the Far East, we did not imagine that a potential war would with them would come so quickly. Some of our advisors suggest we call their bluff and refuse to withdraw from Liaodong, but others suggest we accept their demands,  which would in turn curry favour with the rest of the great powers.;;;;;;;;;;;;;
EVTDESC1316187;As reports continue to arrive about the Japanese victory against China, we have received an envoy from the Russian Tsar, asking for our support in their intervention against Japan. Russia argues that if the treaty is not reverted by Japan either willingly or under threat of force, not only will their sphere of influence in the Far East be at stake, but our own presence in Asia as well. With the combined might of Russia, Germany and France, Japan is likely to back down. Russia would then be happy to return the favour by diplomatically supporting our colonial ambitions once this geopolitical tension ends.;;;;;;;;;;;;;
EVTDESC1316188;Our threat of intervention has been successful. Japan has agreed to return Liaodong to China and withdraw all its forces from Manchuria.;;;;;;;;;;;;;
EVTDESC1316287;Japan has refused to withdraw from Liaodong, either believing our threats are insincere or that they can best our forces in battle. Whatever the reason for their insolence, we are prepared for war, and our allies are ready to join us once we make the call to arms.;;;;;;;;;;;;;
EVTDESC1316288;We have been informed that Russia, not pleased with their southern island neighbors' encroachment into Manchuria, has forced Japan to return the Liaodong Peninsula to us, with the only condition being that we pay Japan an additional 30 million taels in compensation. This is hardly an expense to us, considering the 200 million taels we already owe them as war reparations.;;;;;;;;;;;;;
EVTDESC800806;As our influence in the Far East grew and our need for expanding into warmer waters became clear, the concept of "Yellow Russia" started to form, first as to describe the mix of Russian and Asian culture in our far eastern territories and then, as China grew weaker and weaker, as a plan to expand into Chinese territory, especially Manchuria. Now, with Inner Manchuria under our direct control, we can finally consolidate the concept of Yellow Russia, with our advisors discussing if we should integrate Manchuria directly into our nation or let if be run by a viceroy to better manage this colonial project.;;;;;;;;;;;;;
yellow_russia_mongolia_title;Integrate Mongolia into Zheltorossiya;;;;;;;;;;;;;
yellow_russia_mongolia_desc;With our control over Mongolia, we could expand Zheltorossiya and hand these lands over to the government in Harbin, that would, without a doubt, better be able to hold the Mongolian Steppes.;;;;;;;;;;;;;
yellow_russia_xinjiang_title;Integrate Xinjiang into Zheltorossiya;;;;;;;;;;;;;
yellow_russia_xinjiang_desc;With our control over Xinjiang, we could expand Zheltorossiya and hand these lands over to the government in Harbin, that would, without a doubt, better be able to hold Dzungaria.;;;;;;;;;;;;;
yellow_russia_gansu_title;Finalize Zheltorossiya;;;;;;;;;;;;;
yellow_russia_gansu_desc;With our control over Xinjiang and Mongolia, we are almost reaching the final borders we planned for Zheltorossiya. What remains is to push through the Gansu province, so that our border follows the Yellow River. That would certainly make defense of the region easier, but contrary to the rest of Zheltorossiya, Gansu is densely populated, making it harder to control than the rest of Zheltorossiya.;;;;;;;;;;;;;
EVTDESC800805;After we promised reforms following the Warsaw Massacre, the Polish political climate consolidated with Aleksander Wielopolski being appointed as Chief of Civil Government in Poland. While most of the Szlachta is under the foolish expectation that we should restore Poland's 1815 status and unite it with its former territories, Wielopolski is a staunch loyalist, helping us carry out reforms that should help us quench the revolutionary winds in Warsaw. Sadly, with the formation of Central National Committee, our dissidents have evolved into two factions, The Whites—moderates who hold the same expectation of political autonomy and territorial reclamation as the Szlachta—and the Reds—radicals who are bent on securing freedom through an uprising. Now, we are left in the uncomfortable position of waging on whether Wielopolski's measures will be enough to heal the wounds of 1831 without conceding autonomy for the Poles, or if we should accept that giving autonomy to Poland is the only way to prevent a uprising.;;;;;;;;;;;;;
EVTDESC800824;With our hegemony over the Baltic, it has come to our attention that—while we have the government in Riga as a puppet—there is also Lithuania, the once-mighty Grand Duchy, now greatly reduced in size. Now that we hold significant influence over both states, we have a decision to consider. There has been some discussion among our advisors regarding the region. One group supports recent requests from the government in Riga, asking us to hand Lithuania over to them. While this would undoubtedly strengthen Riga’s position, it would also increase their autonomy—even if they had to face some initial discontent from the Lithuanian population. On the other hand, a few advisors have pointed out that Lithuania, though diminished, could have its claims supported by us. This would allow us to significantly expand its territory, turning it into a valuable ally—one that remains firmly under our control.;;;;;;;;;;;;;
settlement_of_the_steppe_title;Settle the Kazakh Steppes;;;;;;;;;;;;;
settlement_of_the_steppe_desc;As our first conquest in Central Asia, the land of the Kazakhs has been administered through the Governor-Generalship of the Steppes, primarily maintained by scattered Russian forts and pockets of Russian-dominated cities across the region. With the pacification of the area now complete, our next step is to encourage Russian settlement—taking advantage of the vast expanses of fertile land in northern and eastern Kazakhstan, even at the cost of disrupting nomadic routes and driving the Kazakhs our of their traditional grazing pastures, leaving them open to be transformed into Russian farms.;;;;;;;;;;;;;
start_german_reorg_title;Reform the German Confederation;;;;;;;;;;;;;
start_german_reorg_desc;§RGain 20 infamy§! Despite having no desire to create a unified German nation, our victory against Prussia has granted us total hegemony over the German Confederation—with even Berlin now being subject to our whims. This does not mean, however, that the winds of German nationalism have subsided, on the contrary, it remains the most serious threat to our hold over the Confederation. To secure our dominance, we could assert control over the Federal Convention in Frankfurt, enabling us to shape legislation that would entrench—and even expand—our hegemony over Germany without opposition.;;;;;;;;;;;;;
ruhr_comission_title;Establish the Rhenish Industrial Commission;;;;;;;;;;;;;
ruhr_comission_desc;§RGain 5 infamy§! Now that we hold control over the Federal Convention in Frankfurt, we can begin reorganizing Germany to secure our hegemony over the German Confederation. While there are many states for us to consider, one of the most pressing ones would be the Rhineland. The lands along the Rhine have seen a significant boom in industrialization, which would greatly benefit our empire. Thus, we have put forth a proposal in the Federal Convention, to establish the Rhenish Industrial Commission which would, on paper,further boost industrialization in the Ruhr but, in reality, it would give us total control over the Rhenish affairs;;;;;;;;;;;;;
hesse_westphalia_union_title;Propose the Union of Hesse-Westphalia;;;;;;;;;;;;;
hesse_westphalia_union_desc;§RGain 5 infamy§! Now that we hold control over the Federal Convention in Frankfurt, we can begin reorganizing Germany to secure our hegemony over the German Confederation. While there are many states for us to consider, it recently came to our attention the matter of the duchy of Westphalia and the Hesse states. Westphalia has been under the control of a Habsburg noble ever since the end of the war against Prussia. But now, with our control over Frankfurt, we may change that. This time, one of our advisors has giving the idea of ordering the Duke of Westphalia to resign and partition his land between the states of Hesse, on the condition that they band together in the Union of Hesse-Westphalia and, of course, be loyal to us afterwards.;;;;;;;;;;;;;
reward_hannover_title;Reward the Kingdom of Hanover;;;;;;;;;;;;;
reward_hannover_desc;§RGain 8 infamy§! Now that we hold control over the Federal Convention in Frankfurt, we can begin reorganizing Germany to secure our hegemony over the German Confederation. While there are many states to consider, one stands out: our loyal allies in Hanover. Having only recently gained independence from London, the Kingdom of Hanover has aligned with Austria from day one and supported the German Confederation in both Schleswig Wars. Perhaps it is time to reward this noble nation by expanding its territory—on the condition, of course, that it swears fealty to us.;;;;;;;;;;;;;
create_the_hansa_title;Establish the Hanseatic League;;;;;;;;;;;;;
create_the_hansa_desc;§RGain 2.5 infamy§! Now that we hold control over the Federal Convention in Frankfurt, we can begin reorganizing Germany to secure our hegemony over the German Confederation. While there are many states to consider, it is time we turn our attention to the Free and Hanseatic Cities of Bremen, Hamburg, and Lübeck. These cities aligned themselves with Prussia, giving us more than enough justification to simply incorporate them into Hanover and Mecklenburg. However, doing so would undoubtedly alienate many of the smaller states within the Confederation—most of which also sided with Prussia. Instead, we shall reform the Hanseatic League, uniting the three cities into a single state. This new entity will receive greater autonomy within the German Confederation, while still remaining subordinate to its executive authority—our emperor.;;;;;;;;;;;;;
unite_thuringia_title;Unite Saxony with Thuringia;;;;;;;;;;;;;
unite_thuringia_desc;§RGain 5 infamy§! Now that we hold control over the Federal Convention in Frankfurt, we can begin reorganizing Germany to secure our hegemony over the German Confederation. While there are many states to consider, the matter of the Saxon states now calls for our attention. The Kingdom of Saxony has long been our ally, with the Austrian Emperor having protected it from annexation by Prussia during the Congress of Vienna. It is now time to reward Saxony and ensure it remains within our sphere of influence—by uniting Thuringia with its kingdom. In doing so, we not only reward Saxony for its loyalty but also grant it jurisdiction over the Thuringian duchies—most of which sided with Prussia during our war against them.;;;;;;;;;;;;;
unify_mecklenburg_title;Unify the Duchy Mecklenburg;;;;;;;;;;;;;
unify_mecklenburg_desc;§RGain 2.5 infamy§! Now that we hold control over the Federal Convention in Frankfurt, we can begin reorganizing Germany to secure our hegemony over the German Confederation. While there are many states to consider, it is probably for the best that we get the question of Mecklenburg out of the way. The Duchy of Mecklenburg was an ally of Prussia, but there is no need to punish them. Instead, to guarantee their loyalty, we could unite them with the smaller Duchy of Mecklenburg-Strelitz, while also getting some concessions from them that would give us control over them.;;;;;;;;;;;;;
martial_law_brandenburg_title;The Brandenburg Plot;;;;;;;;;;;;;
martial_law_brandenburg_desc;§RGain 12.5 infamy§! Now that we hold control over the Federal Convention in Frankfurt, we can begin reorganizing Germany to secure our hegemony over the German Confederation. While there are many states to consider, an urgent matter is that of Brandenburg and Pomerania. Both states have been separated from Prussia and are currently under heavy oversight by both our Empire and the German Confederation. Needless to say, our control over the region is unstable—these lands were long held by the Hohenzollerns, and resistance to our rule is to be expected. Fortunately, one of our advisors has devised a plan: to forge a conspiracy suggesting that Brandenburg intends to return to Hohenzollern rule. This would provide us with the justification to declare martial law over both Brandenburg and Pomerania, allowing us to seize permanent control of the duchies.;;;;;;;;;;;;;
EVTDESC800825;With our victory over Prussia, it has been reduced to little more than a rump state in the Baltic, a far cry from the days they were a contender for the throne of Germany. But, it seems that their situation is about to get worse. With unrest brewing in Poland, the Polish population in Prussia seems to also have some strong desires for independence, as do the ones under Russian rule. But, seeing our treatment of the Polish people, a secretive delegation of Polish partisans from the province of Poznan has come to talk to us, asking for our support to start a Polish uprising in Greater Poland, promising to be loyal to us after their independence from Prussia, as long as they are granted some autonomy. Naturally, we were a bit skeptical of their offer, but they seem like a good opportunity to cripple the Prussians further, even if it will take some time for their revolt to actually start.;;;;;;;;;;;;;
EVTDESC800826;As unrest brews in Russian Poland, it seems that we aren't immune to the growing Polish agitation. Much to the contrary, it would seem that, the Grand Duchy of Poznan, which is majority Polish, has followed the winds of Polish nationalism and declared independence from us, with the government in Vienna being the first to declare support to it. We cannot overstate how much this hurts us. The loss of Poznan would mean the loss of a third of a remaining territory, but fighting against the uprising would mean fighting against the Austrians again...;;;;;;;;;;;;;
EVTDESC800827;With the provisional government in Poznan being able to achieve their independence, our diplomats have already began talks with its representatives, the same which came to our capital months ago. Luckily, it seems that they are happy to follow through their end of the deal, letting us help "guide", especially in foreign affairs, turning them effectively into our puppet. Other than that, it is clear that the these revolutionaries have been emboldened by our support, suggesting us that they could even form a loyal government in Warsaw for a united Polish state, if the situation allows it...;;;;;;;;;;;;;
EVTDESC800828;With the release of non-German lands from the Austrian Empire, it seems that there were left some loose ends by the Polish border. On the border, lies the city of Frauenstadt, known as Wadowice in Polish. The city, despite being part of the German Confederation, is still claimed by the Polish, with a significant Polish majority. Maybe it is for the better that we let the Polish have the city, to preserve relations with these newly established states.;;;;;;;;;;;;;
EVTDESC800829;After 300 years of Habsburg rule over Bohemia, it has become one of the richest regions of our Empire and even part of the first German Confederation, despite being a mostly Slavic region. It has been part of the German world for about 800 years, ever since the Holy Roman Empire, being one of its electors, being influenced by and even influencing Germany at some point, with Bohemian kings being elected Holy Roman Emperor for a time. But, despite these 800 years of contact with Germany, the Czechs remain mostly Slavic, with German being spoken mostly in Prag and the borderlands.  Now, with the issue of Bohemia dominating the Federal Convention, it is time to decide: do we put our efforts into integrating Bohemia and its people despite the turmoil it may cause? Or do we save ourselves the hassle and finally let them go, granting them special autonomy?;;;;;;;;;;;;;
EVTDESC800830;After another triumphal victory against France, our troops occupy the most of the eastern bank of the Meuse. But, beyond the river, sits Belgium, a state meant to act as a buffer between us and France. Now, with another victory against the French, Belgium's existence as a buffer proves to hardly deter the conflict between our nations. Perhaps it is time that we end this little "Belgium Experiment" that has been ongoing to this day, either by separating Flanders from Wallonia or even taking Wallonia for ourselves and giving Flanders to the Dutch.;;;;;;;;;;;;;
EVTDESC800831;Years after the Franco-Prussian War, we finally scored a triumphal victory against Germany! The Germans tried to take Lorraine from us, but ended up paying a heavy price for their hubris. While we could be happy with just Alsace-Loirrane, with such a victory, we can't help but rekindle our old ambitions on the Rhine. Our troops are already occupying the west bank of the river, with some of our advisors saying we should share pieces of Germany with the Benelux countries, to draw them into war with Germany as well, in case of a future war. On the other hand, we could just have the Rhine for ourselves. Despite that, shockingly, we receive a proposal from the Russian Foreign Relations Minister, suggesting that we take only the Palatinate, giving Northern Rhineland to our Belgium allies, significantly strengthening them.;;;;;;;;;;;;;
EVTDESC800855;After a long period of integration, today we finally welcome a another state in our union! $COUNTRY$ has the privilege of growing while unifying the opressed peoples of Eastern Europe, with representatives coming to our capital to become part of our government and ratify their last treaty before they are properly integrated into our nation.;;;;;;;;;;;;;
EVTDESC800832;With our hegemony over the new German Confederation and our oversight over the Rhineland and Hesse, some of our advisors are suggesting that we make some minor adjustments to the our border with these two states, guaranteeing a border with Frankfurt itself and keep control over the Bavarian Palatinate. Seeing as the Rhineland's ownership of the Palatinate was always meant to be temporary and the dukes of Hesse have properly been compensated with lands in Westphalia, redrawing the border would be met with little to no resistance from them. This would be done by annexing these regions into the South German Confederation, which we hold a tighter grip on—being ruled directly from Vienna.;;;;;;;;;;;;;
EVTDESC800833;With the recent release of the non-German lands of the Austrian Empire, we can't deny that some matters were left unresolved. Today, it came to our attention that, despite now being united, Dalmatia and Croatia were never formally united after the release of the Kingdom of Croatia. Croatia was originally under Hungary and the Crown of Saint Stephen, separated from Dalmatia, with it being its own kingdom conquered by Austria during the Napoleonic Wars. Now we are left to decided the status of Croatia. Are we legitimizing the union with Dalmatia? Or maybe we could even reunite Croatia with Hungary, now that the Revolutions of 1848 are behind us...;;;;;;;;;;;;;
EVTDESC800834;Now that the matter of Croatia is resolved, there is still a loose end that we need to deal with, the fate of Sankt Veit, a city in the Adriatic Coast which was originally part of Croatia, but that we retained control, to guarantee our presence in the Adriatic. But now that we consolidated our rule over Germany we have to decided if we are to officially annex Sankt Veit into Germany or if we will return it to the Kingdom of Croatia.;;;;;;;;;;;;;
EVTDESC800835;When we were liberated from the Russians, we thought that $FROMCOUNTRY$ would just become our new overlords. But to our surprise, $FROMCOUNTRY$ has declared support our claims in White Ruthenia, restoring the borders drawn by Napoleon in 1812! While obvious that this is just $FROMCOUNTRY$ seeking to expand their influence through us, it is still promising to see them supporting us instead of establishing a Ruthenian state or even integrating us in a Baltic union...;;;;;;;;;;;;;
EVTDESC800836;The $FROMCOUNTRY_ADJ$ diplomats have refused our offer, leaving our issues around the spheres of influence in the East Indies unresolved.;;;;;;;;;;;;;
EVTDESC800837;$FROMCOUNTRY$ has offered us a deal in which they would give us their colony in the Gold Coast and, in return, we would recognize their control over the island of Borneo, in the East Indies. While we know that their colony in the Gold Coast became unprofitable, we have no doubt that it would be different under our rule, as it would be integrated into our colony in the region. But, about Borneo, while we don't have such a significant presence in the regiom it still leaves a sourt taste in our mouths to hand it over to the Dutch, since that would mean stripping James Brooke, the White Rajah of Sarawak, of his rightful lands...;;;;;;;;;;;;;
EVTDESC800838;The $FROMCOUNTRY_ADJ$ diplomats have accepted our offer! Taking the costly colony in the Gold Coast from us, in return from total hegemony over the island of Borneo! We shall be quick consolidate our rule over the island.;;;;;;;;;;;;;
EVTDESC211607;Today, we received a messa from $FROMCOUNTRY$ stating that they are interested in buying Heligoland. The island fell into our ownership during the Napoleonic Wars, and now, many years after our initial occupation, the place has become little more than a vacation spot and a refuge for liberal thinkers from the continent, having little strategic value to us.;;;;;;;;;;;;;
EVTDESC211608;The $FROMCOUNTRY_ADJ$ have agreed to sell Heligoland to us! We already shipped them their payment and sent a small garrison to guarantee control over the island. It won't take long to fully incorporate the island into our nation.;;;;;;;;;;;;;
EVTDESC211609;The $FROMCOUNTRY_ADJ$ have refused to sell Heligoland to us! It seems they are far too attached to this glorified rock-turned-vacation spot.;;;;;;;;;;;;;
buy_heligoland_title;The Heligoland Purchase;;;;;;;;;;;;;
buy_heligoland_desc;The island of Heligoland is a small island off the coast of Germany, traditionally considered part of Schleswig or the Frisian Islands. With our control over the Frisian Islands, we maybe could try to buy Heligoland from the British. The island is small and over the years—instead of becoming a naval base—it evolved into a vacation spot and safe haven for German liberals, so they wouldn't mind handing them over to us—for a small price, of course.;;;;;;;;;;;;;
EVTDESC800839;After a decisive victory against the British, the Dutch have returned to South Africa, setting up shop in Cape, as they did before the Napoleonic Wars. While the Dutch are technically our kin, the tyranny of the VOC caused our ancestors to be alienated into fleeing from their rule. But now, with the end of the VOC and their victory against the British, it may be a good idea to reunite with them, guaranteeing our safety and acess to their markets.;;;;;;;;;;;;;
EVTDESC800840;$FROMCOUNTRY$ has invited us to unite them in preparation to joining the Dutch once again. While we are a bit held back by the proposal, seeing that our ancestors had to flee from VOC rule, this was a long time ago and the VOC is long dead, so it may be worth a shot...;;;;;;;;;;;;;
EVTDESC800841;Ever since our reconquest of the Cape, our eyes have turned towards the Boer states around the Drakensberg Range. The Boer were once dutchmen employed by the VOC, but released of their contracts to settle the Cape. Along the years, the rule of the VOC proved to be pretty unpopular, causing them to leave the Cape and migrate away from big cities in droves. But now, as we were deciding what to do with the Boer states, a Voltrekeer delegation has visited our administration in Kaap and petitioned the annexation of the South African Republic and its incorporation into our great nation!;;;;;;;;;;;;;
ENGFREDESC;After centuries being ruled from London, we are once again free from the English yoke! But now that we are finally free to pursue our own path, we can't deny that the English left a significant vacuum in the governance of our nation. That is why, if we are to enter the world stage and become a proper nation once again, we need to answer an important question: what is the source of legitimate power in our new nation?;;;;;;;;;;;;;
EVTDESC31502001;As the dust finally settles and our new government gets into place, there is one last question that we must tackle, the so called "German Question". While we are greatful for both external and internal German support for our independence, now that we are free, we can't deny that the German minority could pose a treat to our state in the future. While they transfered the governance of the Baltic nation has passed on to the Baltic people, the Baltic Germans still enjoy quite a lot of privileges and we fear that, with the rise of nationalism in Europe, they will strive to join Germany, which would—with no doubt—undermine the Baltic natives if they were to succeed. It may be prudent to start to crackdown on their power before they can start conspiring against out nation.;;;;;;;;;;;;;
EVTDESC800843;Our diplomat in Riga informs us that, amidst the current economic crisis happening in our Baltic allies, the German elite in Riga came to us with a offer, to have us bail Riga out of this economic disaster and, in turn, having it be incorporated into our nation. While it looks like a pretty good deal, it is obvious that it would alienate our Baltic allies beyond repair.;;;;;;;;;;;;;
EVTDESC800844;While we still recover from our current economic situation, we are met with a small $FROMCOUNTRY_ADJ$ fleet trying to dock into Riga. While we usually could tolerate an unexpected visit from the Germans, this time it is different, the Germans have informed us that they just bought Riga after brief negotiations with the local German government and the city is now theirs. We can't deny that such a betrayal is devastating, especially in our current situation, but know we are left with two options: accepting letting the Germans take over the city or leave it clear that Riga is not for sale.;;;;;;;;;;;;;
EVTDESC800845;While we still recover from our current economic situation, we got the news that the $FROMCOUNTRY_ADJ$ government has offered to send us a considerable ammount of money to help us get back on our feet. Obviously, some of that help is to be sent directly towards the Germans living in our nation, but the rest is all ours to enjoy, to pay our debts or to invest into getting our economy out of this mess.;;;;;;;;;;;;;
EVTDESC800846;With our fleet trying to dock into Riga, we had a small exchange with the Baltic government, where they left clear that despite what the local government said, Riga is not for sale. While that doesn't surprise us, we still can't deny that the germans in Riga desire to be ruled by us. At this point, we could either cut our losses or strike down our old allies and not let them rule themselves anymore.;;;;;;;;;;;;;
EVTDESC800847;With the recent economic ruin we are facing, our government is struggling to get our economy in order. With our people suffering, some of our advisors have started talks with our German allies, and it seems that the German diplomats have thrown around the idea of asking our allies for a bail. While this could literally save our economy, it wouldn't be for free, the German diplomats have insinuated that such a bail would come with our liberty as its price...;;;;;;;;;;;;;
EVTDESC800848;Observing the current economic downturn in the Baltic Duchy, our diplomats in Riga saw an opportunity to increase our influence in our ally, managing to convince the Baltic government to offer us a deal: we bail them off of their current debts and, in return, they will let us have oversight over their government—turining them into our puppets.;;;;;;;;;;;;;
EVTDESC800849;Our allies have accepted to bail us out. With our coffers swelling with the German relief, we can't help but wonder if that is worth all of that was worth giving our liberty away. We can just hope now that the non-German population in our nation doesn't get too upset about it.;;;;;;;;;;;;;
EVTDESC800850;Despite our generous offer, the German government has refused to bail us out. Maybe they are not as well off as we thought, or maybe they are doing us a favour letting us handle our situation ourselves.;;;;;;;;;;;;;
EVTDESC800851;Ever since our independence, our ties with Germany have been strong. And, with the special place Germans have in our nation, it would seems that a few germans began to immigrate to our nation. While we certainly could are glad to get more people, we can't deny that too much migration could lead to some conflict with with the local Baltic population in the future.;;;;;;;;;;;;;
EVTDESC800852;With our ruler being also the Duke of Mecklenburg-Schwerin, our connections with the German nobility are strong. Because of that, recently, some nobles from our ruler's homeland have decided to settle in the Baltic, joining the rest of the German immigrants that are slowly settling in the Baltic...;;;;;;;;;;;;;
EVTDESC800853;While the Hanseatic League is long dead, we have a long history with it. Reval, Pernau and even our capital, Riga, have all been part of Hanseatic League in the past, because of that, we have been working on creating a bond with Bremen, Lubeck and Hamburg in Germany, with those being the last "Hanseatic" cities remaining. Now, after months of negotiations, we managed to strike a deal with such cities, sigining a treaty allowing the free movement of workers between these old Hanseatic cities.;;;;;;;;;;;;;
welcome_the_yugoslavs_title;Welcome the South Slavs;;;;;;;;;;;;;
welcome_the_romanians_title;Welcome the Romanians;;;;;;;;;;;;;
welcome_the_polish_title;Welcome the Polish;;;;;;;;;;;;;
welcome_the_yugoslavs_desc;As we grant a special place for the slavs in our nation, we have already granted rights to the Croats, but, with our centuries-long influence over the South Slavic peoples, it is only natural that we start striving to integrate all of the South Slavs into our nation, granting them a place in our Austro-Slavic union over the Danube.;;;;;;;;;;;;;
welcome_the_romanians_desc;After a total transformation of our nation into a Danubian Federation, the Romanians already have a place in our nation, due to them being the dominant population in Transylvania. But, with Romania under our influence, we could spend some political capital to integrate it into our nation, expanding the our nation until it reachs the Black Sea.;;;;;;;;;;;;;
welcome_the_polish_desc;With our union with the Slavic people, one of the biggest slavic groups in our nation are the Polish. Naturally, ever since the partitions of Poland, we ruled over a significant Polish minority, keeping it even as Napoleon created the Duchy of Warsaw. Now, with the Polish becoming members of our Austro-Slavic nation, we have the change to protect the Polish from both Prussian and Russian threats, by integrating them into our nation once we manage to hold enough sway over them.;;;;;;;;;;;;;
EVTDESC800854;With the success of our revolution against the $COUNTRY_ADJ$ aristocracy, we give light to a new era for our people. But now, with the rise of Socialism, it seems that a new wave of ideas has have hit our nation. While these new ideas are still a minority in our government, we can't deny that the winds of change are upon us and—with the liberal mindset that sparkled the Revolutions of 1848 becoming the new status quo—we have no doubt that the socialists are here to stay, as new faction pushing political change.;;;;;;;;;;;;;
truly_baltic_title;A Truly Baltic Nation;;;;;;;;;;;;;
truly_baltic_desc;§RGain 10 infamy§! Despite enjoying German help to fight the Russians, we couldn't risk having the Germans taking the place of the Russians as our new overlords. Because of that, the revolution was born, with the Baltic people storming the Landtag and declaring the creation of $COUNTRY$. Despite that, we can't deny that Germany still holds lots of sway over our nation, bringing some question to the legitimacy of our regime. So, to quell any doubts about the sovereignty of $COUNTRY$, we shall prove ourselves to be a truly Baltic republic, by claiming Prussia, leaving it clear once and for all that we aren't mere subservient to Berlin. §RPulling yourself out of German protection is a dangerous game for the player, especially if you are a Radical Republic! Not only you will have no protector against Russia, but the European powers won't shy away from putting down a nation that openly defies the European order, no matter how puny it looks!§!;;;;;;;;;;;;;
baltic_ambition_title;Our Ambitions;;;;;;;;;;;;;
baltic_ambition_desc;Despite being a Russian governate until recently, we managed to achieve a quite privileged position among Europena powers, despite maybe still not reaching the level of prestige and power of nations such as France and Britain. That, paired with our agressive expansion, left us wanting more. Now that we are free from outside influence, our nation grew more and more ambitious and, with the conquest of Prussia, we couldn't help but feel emboldened to persue such ambitions.;;;;;;;;;;;;;
EVTDESC800856;As the dust settles from our conquest of Prussia, there grows the speculation about what is the next step for our great nation. Thus, now, the time has come for a bold step to be taken: $COUNTRY$ is to persue the leadership of Germany! Inspired by the Revolutions of 1848, we recognize that the true revolution shall be carried by us, with the destiny of Germany being the unification under $COUNTRY_ADJ$ banner! §RDespite giving you a hand in your first steps towards seizing the leadership of Germany, from now on, you are on your on! You shall unify Germany in your regime's image, or die trying!§!;;;;;;;;;;;;;
EVTDESC800857;As the dust settles from our conquest of Prussia, there grows the speculation about what is the next step for our great nation. Thus, now, the time has come for a bold step to be taken: $COUNTRY$ is to persue the liberation of the Polish, Lithuanians and Ruthenians within the Russian Empire! Inspired by the repeated attempts of freedom persued by the Polish, Lithuanian and Ruthenian people, we can't help but feel forced to liberate from Russian rule, to persue a multinationl state, able to resist Russia under $COUNTRY_ADJ$ leadership. §RDespite giving you a hand in your first steps towards liberating the lands of the old Commonwealth, from now on, you are on your on! You shall liberate Eastern Europe in your regime's image, or die trying!§!;;;;;;;;;;;;;
EVTDESC73649209;After the last Schleswig War, the Austrian Empire promised us that it would realize a referendum in Schleswig at a later date, to let the population decide if they truly wanted to become a part of Germany, seeing as it has a significant Danish population. Thus, when war broke out between it and Prussia, we feared that that promise may soon be null and void, as Austria would be unable to fulfill it if it was defeated but, in a surprising turn of events, Austria has managed to keep their position as head of the German world and thus, maybe it is a good time to ask about that referenfum they promised.;;;;;;;;;;;;;
EVTDESC73649200;After the last Schleswig War, we promised the Danes that we would realize a referenfum in Schleswig at a later date, to let the population decide if they truly wanted to become a part of Germany, seeing as it has a significant Danish population. Thus, when war broke out with Prussia, this promise became the least of our concerns. But now, with our resounding victory against Prussia, the Danes seem to think it is the best time for us to fulfill our little promise.;;;;;;;;;;;;;
EVTDESC73649201;The Austrians have accepted to realize the referendum! We shall know the results in a month or so...;;;;;;;;;;;;;
EVTDESC73649202;The Austrians have refused to realize the referendum! It would seem that the victory against Prussia has embolden them beyond reason...;;;;;;;;;;;;;
EVTDESC73649203;The Danish asked for a referedum in Schleswig and the Austrians aquiested. Lets see how it goes...;;;;;;;;;;;;;
EVTDESC73649204;It was a tense month in Schleswig, with the Danish and German populations still felling a certain animosity from the Schleswig War. But it would seem that the vote is finally over, with North Schleswig voting to join Denmark, while the South chose to remain German!;;;;;;;;;;;;;
EVTDESC73649205;It was a tense month in Schleswig, with the Danish and German populations still felling a certain animosity from the Schleswig War. But it would seem that the vote is finally over, with Schleswig voting to remain German!;;;;;;;;;;;;;
EVTDESC73649206;It was a tense month in Schleswig, with the Danish and German populations still felling a certain animosity from the Schleswig War. But it would seem that the vote is finally over, with Schleswig voting to return to the Danish!;;;;;;;;;;;;;
EVTDESC800858;With our rise in status to that of a Asian power we found ourselves with the desire to build a proper sphere of influence in Asia, with the Chosen Peninsula being one of our most strategic targets. Korea, being one of the first places to pledge loyalty to the Manchus was firmly in the Qing sphere of influence, with significant Russian influence on top of that. But, lately, we managed to get a significant foothold in Korea, leading some of our advisors suggest that, if we want to remain holding sway over Korea, that it is for the best that we help it modernize itself, making it more resistant to Russian and Chinese influence in the process...;;;;;;;;;;;;;
japanese_sponsored_modernization;Japanese Government Advisors;;;;;;;;;;;;;
japanese_sponsored_modernization_desc;Officials from Japan are working with our government to oversee our own modernization. We hope to use their knowledge to pursue reforms in all aspects, from social to military.;;;;;;;;;;;;;
mantetsu_jap;South Manchuria Railway — Mantetsu;;;;;;;;;;;;;
mantetsu_jap_desc;The Mantetsu was established after the agressive takeover of most of the Russian Eastern China Railway, following the Japanese victory in the Russo-Japanese War. The company would grow rapidly, going beyond a simple railway company. Soon, the Mantetsu would expand its operations into coal mines, harbors, research centes and even hotels. Now, with our invasion of Manchuria, the Mantetsu became an essential part of our occupation of the region, not only becoming responsible for around 25% of our tax revenue, but also deeply penetrating every sphere of everyday life in Manchuria.;;;;;;;;;;;;;
mantetsu_mck;South Manchuria Railway — Mantetsu;;;;;;;;;;;;;
mantetsu_mck_desc;The Mantetsu was established after the agressive takeover of most of the Russian Eastern China Railway, following the Japanese victory in the Russo-Japanese War. The company would grow rapidly, going beyond a simple railway company. Soon, the Mantetsu would expand its operations into coal mines, harbors, research centes and even hotels. Now, with our invasion of Manchuria, the Mantetsu became an essential part of our occupation of the region, not only becoming responsible for around 25% of our tax revenue, but also deeply penetrating every sphere of everyday life in Manchuria.;;;;;;;;;;;;;
EVTDESC800859;After solidifying our position in Korea, it was only natural that our next target would be Manchuria. When we first rose to great power status, Manchuria was firmly under Russian influence. However, after a violent takeover of the Russian-owned Chinese Eastern Railway, we succeeded in replacing them as the informal overlord of the region, establishing the South Manchuria Railway Company—Mantetsu. The company gradually came to dominate Manchurian affairs, culminating in our invasion of the region and, with Manchuria under our control, our advisors have presented a plan to use Mantetsu to develop it into a true crown jewel of our empire.;;;;;;;;;;;;;
EVTDESC800860;Being completely expelled from Manchuria, our investments in the region have been seized, leaving the Mantetsu defunct and making it cease its operations, forever.;;;;;;;;;;;;;
mantetsu_farms_mines;Mantetsu Farms and Mines;;;;;;;;;;;;;
EVTDESC800861;With Japanese investment pouring into Manchuria through the Mantetsu, the South Manchuria Railway Company not only has been expanding mining operations throughout Manchuria but its research wing has also introduced many advancements to our agriculture, turning us into one of the biggest exportes of soy, for example.;;;;;;;;;;;;;
EVTDESC800862;With our victory against Russia and the expulsion of Slavs from the Far East, it is about time we decide on how our gains will be administered. While most of the Far East would be either directly ruled as a colony or be run by local semi-independent governments, Outer Manchuria brings us an interesting question. Some executives in the Home Islands have been pushing for Outer Manchuria to be integrated into our puppet government in Manchuria, so the Mantetsu and its subsidiaries are able to operate freely on it. While we aren't totally opposed to this idea, with the effort we put into annexing the territory and expelling the Russians from it, we can't say that we are eager to hand it over to our puppet.;;;;;;;;;;;;;
mantetsu_jap_improved;South Manchuria Railway — Mantetsu;;;;;;;;;;;;;
mantetsu_jap_improved_desc;The Mantetsu was established after the agressive takeover of most of the Russian Eastern China Railway, following the Japanese victory in the Russo-Japanese War. The company would grow rapidly, going beyond a simple railway company. Soon, the Mantetsu would expand its operations into coal mines, harbors, research centes and even hotels. Now, with our invasion of Manchuria, the Mantetsu became an essential part of our occupation of the region, not only becoming responsible for around 25% of our tax revenue, but also deeply penetrating every sphere of everyday life for Japanese settlers in Manchuria. Now, with the rise of Mangyo, most of Mantetsu investment has been absorved and repurposed into serving the developing Manchurian economy, Mantetsu's role has been devolved mainly into its railway lines, planning and research.;;;;;;;;;;;;;
EVTDESC800863;Mantetsu has served us well in furthering our interests in Manchuria and being a profitable company in our nation, one of our most profitable enterprise actually. But now—with our Invasion of Manchuria—we need to evolve our economic policy in Manchuria, such as to properly build it as a nation, despite still being, in practice our colony. Thus—after some small disagreements with the Kwantung Army—Yoshisuke Aikawa, founder of the Nissan zaibatsu, has established the Manchurian Industrial Development Company, integrating a great deal of Mantetsu's investments. Now, despite still operating its railway lines and its research wing their profits have diminished quite a bit, Luckily, we can still count on it to showcase the modernization of Manchuria under our rule.;;;;;;;;;;;;;
mantetsu_research_wing;Mantetsu Research Wing;;;;;;;;;;;;;
mantetsu_research_wing_desc;The Mantetsu engaged in a country-wide development project, with not only its Research Wing being a center piece of Japan's colonial program, but also devoloping the country's heavy industry and soybean agriculture, with land cultivation increasing in 70% in 20 years, not to mention the construction of schools, libraries and hospitals promoted by the Mantetsu.;;;;;;;;;;;;;
EVTDESC800864;With the formation of the Mantetsu, a considerable investment has been put into Manchuria. The railway lines were the first to be developed, together with hotels and warehouses to service them. After that, the Mantetsu built schools, libraries and even hospitals, with a wave of development into mining and agricultre following suit, headed by the Mantetsu Research Wing.Being considered the centerpiece of Japan's colonial policy in Manchuria, the Mantetsu Research Wing is paramount to the development of our government. While it is mostly focused on agricultural developments for now, we have no doubt that we can only benefit from the brightest minds in Japan putting their heads into developing Manchuria.;;;;;;;;;;;;;
EVTDESC800865;The Chosen Government Railway, also known as Sentetsu, was established after our annexation of Korea, from Korea's old military railways nationalized at the orders of the Japanese Resident-General of Korea. Although the Sentetsu has grown quite a bit since its creation—integrating smaller private railways lines—the Sentetsu is nowhere near the level of the Mantetsu in Manchuria. Thus, we are giving the Mantetsu jurisdiction over the Sentetsu, in hopes that the South Manchuria Railway Company can modernize the Sentetsu's locomotives while expanding its fleet. Without a doubt, the integration between these railways lines can only bring good to our nation, especially if it means bringing the Sentetsu to Mantetsu's standards.;;;;;;;;;;;;;
sentetsu;Mantetsu-Sentetsu Integration;;;;;;;;;;;;;
mantetsu_integration;Mantetsu Integration;;;;;;;;;;;;;
mantetsu_settling;Mantetsu Settlements;;;;;;;;;;;;;
mantetsu_mck_improved;Manchurian Industrial Development Company — Mangyo;;;;;;;;;;;;;
mantetsu_mck_improved_desc;Following the Japanese Invasion of Manchuria and the economic success of Mantetsu, the South Manchuria Railway Company helped the Kwantung Army develop a economic and industrial plan for the future of Manchuria, inviting Yoshisuke Aikawa, the founder of the Nissan zaibatsu who proposed the establishment of the Manchurian Industrial Development Company, also known as Mangyo, a joint venture owned 50% by Nissan and 50% by the Manshukoku government. Despite being rejected at first in favour of Kwantung plans, Aikawa soon would have its way, successfully pulling investment into Manchuria and integrating Mantetsu investments into the Mangyo, managing to surpass the Home Islands in certain sectors by the end of Mangyo's first five year plan.;;;;;;;;;;;;;
EVTDESC800866;The Asia Express was a super express passenger train operated by the Mantetsu, quickly becoming its most iconic train and the fastest one in all of Asia at the time. With American reporters praising its speed and luxurious comfort, it was a showcase of Japanese technology and the advancements made by the Mantetsu, being one of the world's first locomotives to have fully enclosed and air-conditioned carriages. The Asia Express served as the Mantetsu's greatest piece of propaganda, not only showing its developments in Manchuria, but also becoming its greatest symbol, making so the company—together with the Asia Express—would live on the public consciousness for years to come—even well after Japan is expelled from Mainland Asia.;;;;;;;;;;;;;
EVTDESC800867;With the Japanese Invasion of Manchuria and the propping up of $COUNTRY$, the economy of our state becomes of primary importance to the Japanese government, with Japanese officials recognizing that a poor economy would be a breeding ground for anti-Japanese and communist elements. Thus, the Kwantung Army—which quickly took Mantetsu's place as the main Japanese authority in Manchuria—came forth with an economic and industrial plan for the future of Manchuria, inviting Yoshisuke Aikawa, the founder of the Nissan zaibatsu who proposed the establishment of the Manchurian Industrial Development Company, also known as Mangyo, a joint venture owned 50% by Nissan and 50% by the Manshukoku government.;;;;;;;;;;;;;
EVTDESC800868;The death of Emperor Gojong of Korea left us with new problems in our hands. Rumors started circulating that we had poisoned him and were responsible for his death, culminating in a massive demonstration on the day of his funeral, with nation-wide protests that we were forced to crackdown violently, giving origin go the March 1st Movement. As if that wasn't enough, with Korea under our hands and our violent crackdown of these protests, many Koreans have fled the Peninsula, leaving towards Shanghai, where some of them would establish the Provisional Government of the Republic of Korea a month later. This organization, despite being one of the less radical elements of fighting for Korean independence, they still present a signficant thorn in our side, counting with the support from Americas and some communist elements at home.;;;;;;;;;;;;;
exile_oman_title;Exile Oman;;;;;;;;;;;;;
exile_oman_desc;§RGain 5 infamy§! Oman has been a target of Persian expansion ever since the days before the Islamic invasions, with Persia having last conquered Oman during the Asharid period, under Nader Shah in 1743, a mere century ago. In turn, after a prolonged civil war following the overthrow of Shah, Persia's most important port—Bandar Abbas—came under the control of the Imam of Muscat. A lease treaty confirming the port's status under Omani rule from 1794 has recently been revoked by our administration and—together with the invasion of Baluchistan and the western coast of Arabia—assured that our relations with Oman shifted in our favour. Now, while Oman has built quite an empire with their holdings in Africa, we hold the upper hand against them, being capable of not only seizing their Indian ports, but outright exile the Imam of Muscat to Zanzibar, giving us not only complete control over the Persian Gulf, but also seizing his lands in the Arabian Peninsula.;;;;;;;;;;;;;
secure_trucial_oman_title;Secure the Straits of Hormuz;;;;;;;;;;;;;
secure_trucial_oman_desc;§RGain 4 infamy§! Seizing control over Western Arabia has solidified our position on the Persian Gulf, but stoping now wouble be neglecting the fact that our control over it remains unstable, with its waters being easily blockaded if any naval power were to take control over either side of the Hormuz Strait. With that, after we reintegrate Bandar Abbas and the Island of Hormu back into our rule after years of Omani rule, it would be only natural that, to truly secure the Persian Gulf, we invade the many emirates across the Hormuz Strait. Annexing both sides of the Hormuz Strait would not only guarantee our control over the Persian Gulf, but also pacify the many emirs on the Arabian side of it, making sure that their in-fighting won't let western powers encroach in our backyard.;;;;;;;;;;;;;
persian_syria_title;Beyond the Euphrates;;;;;;;;;;;;;
persian_syria_desc;§RGain 10 infamy§! While we are no strangers to Syria, the region hasn't been under our control ever since pre-Islamic Iran, with our nation not being able to rule the region ever since the days of Khosrow II of the Sassanids, shortly before the beginning of the Muslim conquest of Persia. But now—with our positon as a rising power in the world stage and in the Middle East—we can westle our rivals for control over Syria and the entire Levant—going as far as claiming al-Quds—which would certainly let us be respected not only by Islamic powers, but by Christian ones as well.;;;;;;;;;;;;;
persian_holy_cities_title;Custody over the Holy Cities;;;;;;;;;;;;;
persian_holy_cities_desc;§RGain 8 infamy§! While we never ruled over Hedjaz nor does the region have much in the way of economic or strategic importance, its value to us is hard to understate. With our position as the holders of al-Quds, we earned a great deal of respect from the Christian powers and from the Muslim people—to a lesser degree. While al-Quds is also a holy city in Islam, its importance pales in comparison to the Holy Cities of Mecca and Medina—both found in Hedjaz. Thus—pairing it with our position as a great power—if we were to hold both al-Quds and the Holy Cities of Mecca and Medina we would become the uncontested leaders of the Muslim world, even if we are part of the Shiite minority.;;;;;;;;;;;;;
EVTDESC800869;The Prince-Governor of Fars, Husayn Khan Ajudan Bashi, has just led an army towards Bandar Abbas, demanding that the Imam pays 30,000 tomans or give up the city, being repulsed shortly after trying to take the port. Despite the terms of the lease treaty being somewhat contested, it remained undisputed that such an arrangement was dependent on the Imam of Muscat paying a sum of 4000 tomans a year and, despite that, Muscat has failed to pay the rent on Bandar Abbas time and time again, not because of a lack of coin, but because the Imam knows that we can do nothing about it, considering their superiority at sea. Thus, with Husayn Khan's force being repulsed, we are can only assure the Imam that we have no involvement in this, lest we face his ire.;;;;;;;;;;;;;
EVTDESC800870;The Prince-Governor of Fars, Husayn Khan Ajudan Bashi, has just led an army towards Bandar Abbas, demanding that we pay 30,000 tomans or give up the city, being repulsed shortly after trying to take the port. Despite being under the obligation of paying a sum of 4000 tomans a year, we have been skipping on the port's rent for quite a while, knowing that the $FROMCOUNTRY$ can't do anything about it, lest risk having their ports shelled to the ground. But now, with Husayn Khan's foolish display of recklessness, we are forced to consider if sending a threatening message is enough or if we should settle this matter once and for all...;;;;;;;;;;;;;
EVTDESC800871;With our victory against the Imamate, the matter of Bandar Abbas is finally settled. Our victory came with a high price, at the start of the war, the Imam's fleet shelled most of our ports, completely disrupting our trade. Luckily, Bandar Abbas remains mostly intact, allowing the city to take over its place as Persia's main port while we rebuild Bushehr.;;;;;;;;;;;;;
EVTDESC800872;With our victory against the Iranians, the matter of Bandar Abbas is finally settled. No more will we need to worry about the lease of Bandar Abbas, as now the city is officially a part of our great maritime empire. Better yet, with our shelling of the Iranian ports, Bandar Abbas remains as the only suitable port in the region, allowing us to hold a monopoly over maritime trade in the region.;;;;;;;;;;;;;
EVTDESC800873;With our defeat against the Imamate, the matter of Bandar Abbas is finally settled. The Imam's possessions in our side of the gulf are now officialy part of the Imamate, with our state being forced to give up our claims on it. Worse yet, with most of our ports destroyed, Bandar Abbas remains as the only suitable port in the region, forcing us to conduct all of our maritime trade through the Imamate.;;;;;;;;;;;;;
regain_omani_coast_defeat_title;Reclaim the Strait of Hormuz;;;;;;;;;;;;;
regain_omani_coast_defeat_desc;The powerful, maritime Sultanate of Muscat-Oman under the capable rule of the BuSaidi dynasty, had managed to occupy much of the coastal lands around the Persian Gulf and the Northwest Indian Ocean, all the way to Zanzibar by the mid 1850s. These included ports, islands and coastal regions of Baluchistan, Strait of Hormuz and Laristan on the Persian side of the Gulf of Oman and the Persian Gulf. These annexations were afforded to Oman during the chaos that ruled Persia in her transitional period between the Zand and the Qajar dynasties, which was followed immediately by the continuous military campaign by Persia defending herself against the imperial Russian and British forces in the north and the east.Despite losing against the Sultanate of Muscat-Oman in 1846, now that that Muscat lost control over Bandar Abbas, we can once again integrate these ports back into our nation.;;;;;;;;;;;;;
RGSANTHEM;While the final version of the Rio-grandense Anthem was only settled for in 1966, the anthem itself was written first right after the capture of Porto Alegre by Rio-grandense forces by a captured military band, with the the official version being written after the end of the war. Composed Joaquim José Medanha, the first version was written by Serafim Joaquim de Alencastre, while the final version was the work of Francisco Pinto da Fontoura.;;;;;;;;;;;;;
EVTDESC800874;The recent integration of Lithuania into our nation has been quite disruptive. Not only did Lithuanians become our second biggest ethnic group, but they also increased the number of Catholics in our country, turning them into a sizeable minority. Naturally, we already took measures to accomodate the Lithuanians in our nation, but today an interesting proposal came from the Lithuanian leadership. They request that we grant them a position at the helm of $COUNTRY$, to lead the nation and use their connections in Poland and Ruthenia to find allies and help integrate the Belarussian population. Needless to say, the proposal hasn't been received very well, with some arguing that the Lithuanians want to hijack $COUNTRY$. While these fears are valid, we don't doubt that the Lithuanians have the tools to let us expand further in Russia. It also comes to our attention that giving them power would certainly placate the Catholic minority, even if the rest of the country won't be so happy about it.;;;;;;;;;;;;;
EVTDESC800875;With the Lithuanians taking over the leadership of $COUNTRY$, we naturally have been using Lithuanian claims to expand the duchy, having recently consolidated our rule over Belarus and integrated the slavs into our nation, but that is not enough. Today, some of the Lithuanian leaders have met in Vilnius, far away from the capital in Riga. There were talks that maybe the identity of $COUNTRY$ is holding the country back and that we should officially restore Lithuania as a sovereign and independent nation, moving the capital to Vilnius to announce the change in course. No consensus was reached at first, but we will have to decide: do we keep true to the nation that our brother's have granted to us, or do we seize the chance to revive Lithuania?;;;;;;;;;;;;;
accept_ruthenians_title;Ruthenian Autonomy;;;;;;;;;;;;;
accept_ruthenians_desc;Ruthenia was always an important part of the Lithuanian state. Even with the Union of Lublin, more than half of the Grand Duchy was composed by Ruthenian voivodeships. Our expansion into Ruthenia began ever before Chirstianization, with the rich cities of Ruthenia granting the resources to fight the repeated agressions of the Teutonic and Livonian Orders. In return, Ruthenian magnates held on to their lands and kept a lot of autonomy under Lithuanian rule, with some Lithuanian nobles even converting to Orthodox Christianity and many of the Grand Duchy's official documents. Our state has already integrated the White Ruthenians into our nation, but now, with the acquisition of Kiev in the heart of the Rus, we are in a position to tackle the integration of the Ruthenians further south, granting them the same right as the Ruthenians to the north, with a bit of extra autonomy on top of that.;;;;;;;;;;;;;
restore_grand_duchy_lit_title;Restore Pre-Partition Borders;;;;;;;;;;;;;
restore_grand_duchy_lit_desc;§RGain 8 infamy§! Despite having restored the borders granted by the Napoleon to the Provisional Government Commission of the Grand Duchy of Lithuania, that was only the first step of our restoration to the status as an European power. Now that we have annexed Minsk and integrated its people, it is only natural that we push further into uniting the White Ruthenians, while also restoring our pre-partition borders in the process, delving deeper into Russia with it.;;;;;;;;;;;;;
act_of_5th_november_title;Fulfill the Act of 5th November;;;;;;;;;;;;; 
act_of_5th_november_desc;Following their occupation of Congress Poland during the Great War, the Act of 5th November was a joint declaration between emperors Wilhelm II of Germany and Franz Joseph of Austria, promising the creation of the Kingdom of Poland out of Congress Poland's territory. The document was born out of a need for Polish blood to fight in the war, with Wilhelm II's Germany even having plans to annex up to 30,000km² of land from the newly-established Kingdom of Poland. Now, with the war over, we are in the position to fulfill our promises to the Poles, letting us further negotiate with our new Polish puppets once the situation stabilizes and the political mood in Poland shifts in our favour.;;;;;;;;;;;;;
accept_lietvaks_title;Embrace the Lietvaks;;;;;;;;;;;;; 
accept_lietvaks_desc;Lithuanian Jews, nowdays known as Lietvaks, have been an important part of our nations since the days of Vytautas the Great, whom granted privileges to many Lietvaks communities all across the Grand Duchy and ensured a golden age of Judaism in Lithuania, with it leading to the co-existence of both Orthodox Jews and Karaites inside our borders. That is not to say our relation with our Jewish communities was perfect as Lietvaks suffered both from expulsions and conflicts with the nobility. Despite that, many Jewish communities prospered under our rule, with our capital, Vilnius, being often known by the moniker "Jerusalem of the North", with Lietvaks such as Vilna Gaon and Mendele Mocher Sforim being important figures in the Jewish world. It would prudent to embrace the Lietvaks, guaranteeing their rights and assuring them they are a respected part of our nation.;;;;;;;;;;;;;
united_with_belarussians;Granted Equal Rights to the White Ruthenians;;;;;;;;;;;;;
EVTDESC800878;The liberals—centered mostly around the urban liberal cantons—have proposed a new constitution that would tie the cantons closer together and centralize the Confederation, with it being met by opposition mainly from the catholic cantons dominated by the conservative parties. Now, these cantons have united to form the Sonderbund in opposition to the new constitution that is soon to be enacted. Despite lacking the support from some of the Catholic cantons such as Ticino—which is dominated by a liberal legislature—we fear that such a divide will invite our Catholic neighbors into intervening in favour of the Sonderbund.;;;;;;;;;;;;;
EVTDESC800877;It would seem that some turmoil is brewing within the Swiss Confederation, with Catholic cantons banding together in what they call "The Sonderbund". As a proeminent Catholic power and neighbor of Switzerland, it is in our interest to protect the Swiss Catholics from their protestant "opressors", with the Treaty of Vienna of 1815 allowing great powers to intervene in Switzerland if they all deemed necessary. The problem is Britain has vetoed any action in Switzerland, wishing to see the new constitution which the Catholics oppose pass, meaning that, by intervening in Switzerland, we would be breaking the Treaty of Vienna.;;;;;;;;;;;;;
break_union_of_lublin_title;Denounce the Union of Lublin;;;;;;;;;;;;;
break_union_of_lublin_desc;§RGain 15 infamy (This will block us from forming the Commonwealth or unite the Baltics!)§! While the Union of Lublin wasn't the first treaty to bring Poland and Lithuania together, with the first being the Union of Krewo, which also established—for the second time—Roman Catholicism as the official religion of Lithuania. Fater the Union of Krewo, many more treaties would deepen the ties between Poland and Lithuania, until the Union of Lublin, which replaced the personal union between both states with a real union, creating the Polish-Lithuanian Commonwealth. Despite the Union being agreed on by the Lithuanian representatives, the truth is that it was more of a diktat, with Poland seizing the rich lands of Ruthenia after facing resistance from the Polish representatives, forcing them back into the negotiation table, finally accepting the Union of Lublin under the Polish terms. If we were to denounce the Union, we would be able to claim the seized Ruthenian territories once again, at the cost of straining our relationship with the Poles.;;;;;;;;;;;;;
duchy_of_livonia_title;Restore the Duchy of Livonia;;;;;;;;;;;;;
duchy_of_livonia_desc;§RGain 4 infamy§! Despite allying with Lithuania at one point—during the period in which Mindaugas had converted to Catholicism—Livonia has long been an enemy of Lithuania. Through most of our early history, the Crusaders of Livonia had difficulted our convertion to Christianity, only so they could continue to conquest our land and seize our homes! But, after the Treaty of Vilnius and the Livonian Wars in 1561 Livonia was divided between the Duchies of Livonia and Courland, with Livonia becoming a vassal of the Grand Duke of Lithuania. Now, with the restoration of our great nation, it is only natural that we renew this old arrangement, claiming Lithuania as an integral part of our nation, together with the Duchy of Courand.;;;;;;;;;;;;;
unite_with_finland_title;Unite with Finland;;;;;;;;;;;;;
unite_with_finland_desc;Now that Finland is free, the time has come for $COUNTRY$ to join the motherland!;;;;;;;;;;;;;
quebec_act_title;Restore the Quebec Act 1774;;;;;;;;;;;;;
quebec_act_desc;§RGain 15 infamy§! Being one of the leading causes to the American Revolution, the Quebec Act 1774 was an act of the British Parliament that reformed the governance of the Province of Quebec, guaranteeing the free practive of Catholicism and—more importantly—the expansion of Quebec into parts of Upper Canada and the American states of Illinois, Indiana, Michigan, Ohio and Wisconsin. Reaffirming the Quebec Act would for sure anger the Americans, but it would broaden the reach of our ambitions around the Great Lakes region.;;;;;;;;;;;;;
EVTDESC800879;With our newfound independence, it seems that one of the first issues to arise was that of our flag of choice. With the upcoming coronation of the first king of an independent Bohemia in centuries, many have raised the question of which flag to raise, with many arguing that we should keep the red-white bicolor used by Czech national movement, which forms much of the King's cabinet, while others suggest that we should bring to primacy a modern version of the royal banner, a new flag to signal a new age for Bohemia and its people.;;;;;;;;;;;;;
EVTDESC800880;While our independence has long been achieved, the institutions of our country are still ran as if we were ruled by a far away monarch. While modernizing this institutions is necessary, it brings into light an important question: Do we really need a monarch? We could, in theory, find someone to wear the Quebecois Crown, but the truth is that we are hardly pressed to keep the monarchical government, with many in our country more than willing to go along with transforming Quebec into a proper republic.;;;;;;;;;;;;;
claim_new_galicia_title;Reclaim New Galicia;;;;;;;;;;;;;
claim_new_galicia_desc;§RGain 5 infamy§! The title of King of Galicia-Lodomeria has long been held by the Hungarian kings, with such a title being used by the Habsburg Monarchy to claim the region during the 1st Partition of Poland. But that wasn't the only territory Austria got out of the Partitions of Poland, with New Galicia being awarded to Austria during the 3rd Partition, with the territory being lost to the newly-formed Duchy of Warsaw after the Austrian defeat in the War of the 5th Coalition against Napoleon, with the territory ending up as part of Crogress Poland after the Congress of Vienna. By this point, the Concert of Europe is long gone, allowing us to once again claim these lands as the rightful lords of Galicia-Lodomeria.;;;;;;;;;;;;;
split_prussia_title;Prop up Polish claims to East Prussia;;;;;;;;;;;;;
split_prussia_desc;§RGain 7.5 infamy§! With the restoration of the autonomous Kingdom of Poland under our rule, we were forced to revise our diplomacy to better allign it with our current state of affair. Now we have revisited one of the old works of Prince Adam Jerzy Czartoryskiwe—the former Foreign Minister of the Russian Empire under Alexander I—namely his "Essay on Diplomacy". While his work isn't very flattering towards Russia's actions, we could take an important lesson from it, seeing as it—correctly—warns Russia of the looming Prussia threat, urging our nation to incorporate East Prussia into the Kingdom of Poland. While those days are long gone, Czartoryski's words haven't lost their edge, with many of our advisors urging us to let Poland lay claim on East Prussia, further solidifying our position in the Baltics and declaw the Prussian Eagle in the process.;;;;;;;;;;;;;
reclaim_transcaspia_title;Reaffirm Transcaspian Claims;;;;;;;;;;;;;
reclaim_transcaspia_desc;§RGain 4-8 infamy depending on if you already claimed Greater Iran and Kurdestan§! While we have always claimed Transcaspia as our territory, it was always a hard region to hold on to. Leading us to leave the region alone as we fought to survive the XIXth century. Now—as our nation finished modernizing and taking its place on the world state—we are ready to reaffirm some of our old claims that went unpressed until now, such as the ones in Transcaspia.;;;;;;;;;;;;;
EVTDESC800885;Once Central Asia was a thorn on Russian side, a land of raiders determined on disrupting the $COUNTRY$ and its people. But now the situation couldn't be any more different. With Kenesary's Rebellion backfiring and expanding our influence in the region and raids from deep into Central Asia giving us reasons to further encroach in the region, we got where we are now, holding total control over the region and ruling over the cities that once sold Russians as slaves, with the protectorates over Bukhara and Khiva ensuring the stability of the region. Now it is time to organize the region to better fit our needs. Obviously, there are many disagreements about how to tackle the region, if we should break its tribal structures for ease of governance, if we should set up a commission to study the region ethnic lines and help stabilize the region, or even if we should just let the Governor-General of the Steppes deal with the local tribes.;;;;;;;;;;;;;
enforce_central_asia_title;Enforce Central Asian Borders;;;;;;;;;;;;;
enforce_central_asia_desc;With our control over Central Asia established, we need to make sure the borders we drew are enforced! We can't let our control over the region go loose!;;;;;;;;;;;;;
EVTDESC800884;Despite our best efforts to draw fair borders in Central Asia, it seems that the people still there are some small disputes which we, as the Lords of Turkestan, need to adress. Earlier today, a delegation of of Karakalpaks and Kazakhs came into our capital asking for our help in resolving a dispute over the ownership of Babajan, a sparsely populated region besides the Aral Sea. Naturally, the Kazakh claims the region is theirs, while the Karakalpaks claim the province is actually theirs. Now, what stance should we take?;;;;;;;;;;;;;
EVTDESC800886;Despite our best efforts to draw fair borders in Central Asia, it seems that the people still there are some small disputes which we, as the Lords of Turkestan, need to adress. We are informed by the Governor-General of Turkestan that Tajik militias have launched raids into Uzbek territory, trying to take over the province of Samarkand for themselves. The Governor-General now presses us to enact a decree deciding who is the legitimate owner of the province, in the hopes that doing so would guarantee that such a bold display of disloyalty doesn't happen again...;;;;;;;;;;;;;
EVTDESC800887;Despite our best efforts to draw fair borders in Central Asia, it seems that the people still there are some small disputes which we, as the Lords of Turkestan, need to adress. It seems that the province of Tashkent has been thrown into chaos, with violence erupting after a Kazakh village refused to pay taxes to the Uzbek government. With the situation slowly evolving into utter anarchy, the Governor-General of the Steppes has marched troops into the province to "protect the Kazakh population", leading to a tense standoff with the Uzbek garrison. Now it is our job to decide whose troops need to leave the province for good.;;;;;;;;;;;;;
integrate_panjdeh_central_asia_title;Integrate Herat into Central Asia;;;;;;;;;;;;;
integrate_panjdeh_central_asia_desc;With our victory against Afghanistan, we  managed to push the borders of Central Asia further south, seizing the important city of Herat as a result. The region we got from  the Panjdeh Treaty rremains under direct military occupation for now, but preparations are already being made to transfer our gains to our governors in Central Asia, integrating the region into our holdings there. All that is left now is the Tsar's approval for Central Asian troops to move into Northern Afghanistan.;;;;;;;;;;;;;
perp_truce_done;Established the Trucial States;;;;;;;;;;;;;
created_aden_protectorate;Created the Aden Protectorate;;;;;;;;;;;;;
organize_arabia_ENG_title;Our Control over Arabia;;;;;;;;;;;;;
organize_arabia_ENG_desc;§RGain 5 infamy§! Recently, with our recent overtures to Southern Arabia, through Aden and the Trucial States, the region became of great interest to us. While at first the region provided useful coaling stations to our vessels, with the opening of the construction of the Suez Canal, the Arabian Peninsula suddenly became neighbor to one of the most important waterways in the world, not to mention that, on top the newfound importance of the Red Sea to global trade, the Persian Sea and the Indian Ocean were already home to important trade routes which we already greatly benefited from. That said, it is clear that expanding our hold over the Arabian Peninsula is of utmost importance, both to enlarge our current holdings and to prevent any trouble coming from the Peninsula. §R(You have to, on top of establishing and expanding both Aden and the Trucial States, sphere/own all cores of Nedj, Hail, Hedjaz, Najran, Oman and Kuwait!)§!;;;;;;;;;;;;;
EVTDESC800883;As the new masters of Arabia, we draw lines in the sands as we see fit. As one of our objetives as to enlarge our existing protectorates, not only have we granted huge swathes of desert to our Aden and Muscat, we have also expanded Kuwait, enforcing the Sheikhdom's claims. At last, while the biggest prize would be the new protectorate to be established in the center of the Peninsula, we still wonder if we shouldn't further split the protectorate by granting special autonomy to the Sharif of Mecca, as to guarantee his support in the region.;;;;;;;;;;;;;
organize_arabia_PER_title;Persian Hegemony over Arabia;;;;;;;;;;;;;
organize_arabia_PER_desc;§RGain 10 infamy§! Long departed from the days of its invasions of Persia, Arabia has been reduced to a couple of warring states falling under foreign influences from time to time. Of course, we were quick to take advantage of that fact many times in the past, crossing the Persian Sea and holding land in Eastern Arabia, but these holdings in Arabia were never that permanent, always drifting away from our rule as soon as they had a chance to. But now that is about to change. With our recent invasion of Muscat, we have once again a solid holding over Arabia, but that position is disputed currently disputed both by the Arabian tribes and foreign powers. If we were able to hold significant influence over all of Arabia, we could try to leverage the support of the Sharif of Mecca, granting him control over the rest of Arabia, as long as he swears loyalty to us, of course. §R(You have to, on top of establishing and expanding both Aden and the Trucial States, sphere/own all cores of Nedj, Hail, Hedjaz, Najran)§!;;;;;;;;;;;;;
reclaim_lengeh_title;Reclaim Bandar-e Lengeh;;;;;;;;;;;;;
reclaim_lengeh_desc;§RGain 2.5 infamy§! It has been a long time since our men have been stationed on Bandar-e Lengeh as its rulers. Despíte our rule over the port having long since faded into history, that doesn't mean we didn't try to regain it, but the Sheik of Lengeh and its Qasimi allies have proved to be set on thwarting our attempts at that. But now, after our annexation of neighboring Bandar-e Abbas, annexing Bandar-e Lengeh would consolidate our holdings in Persia. On top of that, with the Qasimi fleet being destroyed and our advances into their Arabian holdings, the Qasimi find themselves in a severely weakened state, which we can't allow the Persians to exploit but would be happy to exploit it ourselves. It is finally time we right the wrongs of history and retake the port from its miserable state.;;;;;;;;;;;;;
sway_laristan_baluchistan_title;Sway Lari and Baluchi tribes;;;;;;;;;;;;;
sway_laristan_baluchistan_desc;§RGain 5 infamy (Pay 75,000¤)§! With the consolidation of our holdings in southern Iran, our focus shift into guaranteeing that our interests in the region are secured. While we have consolidated our gains, we quite safe yet, with some suggesting that the only way to secure our holdings being either connecting Gwadar and Bandar-e Abbas by land, or having a bit of a buffer between our ports and the Qajar border. Luckily, the Lari and Baluchi tribes present a solution to both propositions at once. Both have been pretty good trade partners to us ever since we established a presence in southern Iran. While it would require a bit of persuasion, but we could try to sway these tribes to join us. The Laris would certainly take quite a bit of "convincing" to joing our cause, but–in contrast—the Baluchis would probably be a bit more open to our overlordship, as long as we keep them safe from the Qajars. With both these groups under our thumb, we would be able to not only connect Gwadar and Bandar-e Abbas by land, but also deprive the Qajars from their control over Laristan.;;;;;;;;;;;;;
member_of_the_new_german_confed;The Reformed German Confederation;;;;;;;;;;;;;
member_of_the_new_german_confed_desc;With the Austrian victory in the Bruderkrieg, Germany's only counterweight to Austrian influence was officially defeated, with Prussia being stripped of the its great power status. While the German states were effectively puppets of both Austria and Prussia, with the Prussian defeat, the Austrian influence over the German states now lies unopposed, with Austrian having reformed the Federal Convention in Frankfurt, allowing them to use it to control the German states through this new German Confederation and declare themselves Emperors of Germany. While the German states still hold varying degrees of autonomy, the Federal Convention in Frankfurt still holds the authority to impose legislation over all members of the Confederation, being able to overrule local laws and reserving the right to legislate about specific matters, with the members of the Confederation having to pay taxes to the Federal Convention in Frankfurt for the maintainance of the Federal City of Frankfurt, the Federal Army and the Reichsflotte. The Federal Convetion was used to curtail our liberty and make us answer to the Austrian Emperor, on top of being subject to further diktats from Vienna.;;;;;;;;;;;;;
austria_new_german_confed;Emperor of Germany;;;;;;;;;;;;;
austria_new_german_confed_desc;Our victory in the Bruderkrieg gave us total hegemony over Germany. With Prussia knocked out of their great power status, nobody can oppose us in Germany anymore. Because of that, we were free to reform the German Confederation to not only claim the title of Emperor of Germany but to use the Federal Convention in Frankfurt to control the other German states as well—confirming their status as our puppets. While the German states still hold varying degrees of autonomy, the Federal Convention in Frankfurt still holds the authority to impose legislation over all members of the Confederation, being able to overrule local laws and reserving the right to legislate about specific matters, with the members of the Confederation having to pay taxes to the Federal Convention in Frankfurt for the maintainance of the Federal City of Frankfurt, the Federal Army and the Reichsflotte, but we are excluded for such taxes, of course.;;;;;;;;;;;;;
german_occupation;German Occupation;;;;;;;;;;;;;
german_occupation_desc;When Prussia was defeated, the Hohenzollerns were expelled from their holdings in Brandenburg, being forced to live in exile in Königsberg. Brandenburg became an "independent" state inside of the German Confederation under the tutelage of Austria, of course. We can't say that such transition came easy however. We can't deny that some of our government wasn't quite sold on the idea of Austrian Hegemony over Germany, and it seems that Vienna caught on to that. A while ago, the Austrian monarch—now Emperor of Germany—came into the Federal Convention revealing the existence of a plot inside of our government seeking to return to Hohenzollern rule. While we can't be sure if such plot was real or not, it lead the Federal Convention to call for an joint Austro-Saxon occupation of our state, leading us to be firmly under the Austrian thumb from now own.;;;;;;;;;;;;;
ger_federal_convention;The Seat of the German Federal Convention;;;;;;;;;;;;;
ger_federal_convention_desc;Second only to Vienna (and Berlin before Prussia's defeat), Frankfurt is one of the most important cities in Germany. As a center of German culture, Frankfurt was the seat of the Federal Convention and the capital of the German Confederation ever since the Congress of Vienna. That didn't change with the Austrian victory in the Bruderkrieg—on the contrary—Frankfurt became pivotal to Austria's plans to control the German Confederation. Austria has, in practice, reformed the German Confederation, effectively turning the Federal Convention into its puppet and being able to use it to control the other German states. Now, as the Federal City of Frankfurt, we are the formal capital of the new and reformed German Confederation, complicit in Vienna's diktats to the German world, having crowned the Austrian Emperor as the Emperor of Germany in exchange for collecting taxes on our fellow German states.;;;;;;;;;;;;;
reichsflotte;Home of the Reichsflotte;;;;;;;;;;;;;
EVTDESC800888;Bechuanaland became part of the British Empire upon Colonel Warren's expedition and its several treaties with local Tswana chiefs. Our interest in the region was spearheaded by John Mackenzie of the London Missionary Society, who—after living in the region for more than a decade—urged us to protect the Tswana people against the Boers from the South African Republic. At first, the territory south of Molopo River was to be integrated into British South Africa, but the lands north of it—known as the Bechuanaland Protectorate—are another story. While the Tswana chiefs still hold plenty of autonomy at the moment there are some, such as Cecil Rhodes—the Prime-Minister of the South African Colony—have been pushing for it to be integrated into South Africa. On the other hand, there has been a strong campaign headed by Mackenzie for Bechuanaland to keep its protectorate status, with Tswana chiefs such as Kheme III joining his campaign in England against Rhodes plans.;;;;;;;;;;;;;
EVTDESC800889;It seems that the Imam of Muscat didn't take Husayn Khan's failed attempt to take Bandar Abbas lightly. We recieved the news today that all ports from Bandar Abbas to Bushehr have been shelled to the ground. With such a move, not only has Muscat forced our hand, but also disrupted our maritime trade severly. After Bandar Lengeh and Bandar Abbas lost their spots as our main trading ports in the Persian Gulf, Bushehr was our main trading port. With its destruction, we are forced to take Bandar Abbas back if we have any hope of swiftly restoring our maritime trade.;;;;;;;;;;;;;
claim_rumelia_title;Claim Rumelia;;;;;;;;;;;;;
claim_rumelia_desc;§RGain 7.5 infamy§!In 1885, when Rumelia unified with Bulgaria, the Greek government expressed vocal opposition to the unification of the two polities, expressing it was a violation of the Treaty of Berlin. At that time, our people urged us to invade Ottoman Epirus to counterweight the Bulgarian unification, but we were forced to backdown due to pressure from the European powers. Not only that, but with Rumelia's having a small greek minority (around 5%), during the Paris Confederence of 1919, our president—Elefthérios Venizélos—presented a map where Greece claimed not only costal anatolia but also Rumelia, with such proposal being refused by the great powers in Paris. It is about time we leave the shadow of the powers of Europe and take the reigns of our own destiny, with our claims in Rumelia being the perfect opportunity to establish our diplomatic independence.;;;;;;;;;;;;;
EVTDESC800890;With our conquest of San Pedro del Río Grande del Sur, it seems that some old disputes between Montevideo and Río Grande are now coming back to light. The government in Montevideo has asked us to look into their claims into south and west Río Grande, suggesting that their province should grow at the expense of our recently-annexed lands. While we aren't completely against the idea, such an idea would for sure alienate our new subjects, not to mention that we claim some of Río Grande's land as well.;;;;;;;;;;;;;
EVTDESC800891;Ever since La Plata's invasion of Paraguay, the social climate in the region shifted quite a bit, with Platine soldiers patrolling the streets in the occupied capital of their new province. Despite some pushback, most of the resistance against Buenos Aires' rule had been stamped out for the time being, but the military administration seemed to have one last matter to take care of. With the declaration of war, the Paraguayans had kept Artigas under "house arrest" in a farm in Asunción, just in case. In constrast to the rest of his life, Artigas' time in Paraguay was quite uneventful, but that wasn't enough for the new government in Asunción. The founder of the Federalist Movement had to go. This morning, a group of soldiers stormed Ybyray Farm, quickly overwhelming Artigas and his few companions. Artigas didn't put up much of a fight, with his execution being carried out minutes later. Hearing of the news, the government in Montevideo requested his remains be returned to the city, but it was informed that his remains were cremated and disposed of along the Paraguay River.;;;;;;;;;;;;;
EVTDESC800892;José Gervasio Artigas was the soldier and statesman known as Protector of the Free Peoples and the Father of the Federalist Party. Regarded as a national hero by Federalists and Uruguayans, Artigas fought in the Argentine War of Independence, fighting to liberate Banda Oriental (modern-day Uruguay) from Spanish rule, until being betrayed and then hunted by the Unitarians in Buenos Aires, leading to the creation of the Liga de los Pueblos Libres, of which he was declared Protector. Waging a war against both Buenos Aires and the Brazilians forces which conquered Uruguay, his allies achieved a victory against the Unitarians, but his defeats at the hands of the Brazilians and their compromises with Buenos Aires strained the relationship between Artigas and the other leaders of the Federal Movement, which lead to his exile in Paraguay. Now that we control Paraguay, we are informed that Artigas is still alive somewhere in Asunción, with the question being if we should try to contact him or not. Maybe after all that he has done, the old man deserves some rest, right?;;;;;;;;;;;;;
EVTDESC800893;A small detour to the stabilization of Argentinian Paraguay was the order to find Artigas wherever he may be, with soldiers asking around about the location of Artigas disrupting the local population slightly. Luckily, not long ago, the new governor has informed Rosas that Artigas was kept under house arrest in a farm in Asunción ever since the start of the war and, on top of that, after establishing contact with Artigas the old man refused to let anyone in or leave his farm. He would only let someone in when Rosas personally went to visit him, with both men riding across Ybyray Farm as they had an uneasy conversation about the current state of Argentina and the Federal Party. It is stated that Artigas was critic of Rosas' government, telling him to "not cozy up to the Porteño elites" and criticizing the lack a constitution. Despite that, the old man seemed quite hopeful seeing La Plata becoming a little more united, even asking Rosas if he thinks his homeland will one day rejoin the rest of Argentina, which Rosas replied...;;;;;;;;;;;;;
EVTDESC800894;A small detour to the stabilization of Argentinian Paraguay was the order to find Artigas wherever he may be, with soldiers asking around about the location of Artigas disrupting the local population slightly. Luckily, not long ago, the new governor has informed Urquiza that Artigas was kept under house arrest in a farm in Asunción ever since the start of the war and, on top of that, after establishing contact with Artigas, the old man invited Urquiza to spend a day in Ybyray with him. Soon, Urquiza would make a small trip to Paraguay, with both him and Artigas riding across Ybyray Farm as they had a conversation about the current state of Argentina and the Federal Party. It is stated told that the Artigas found some respite in seeing Rosas deposed, glad that the government is taking steps to curtail the Porteño elite and enact a constitution, with the old man looking quite hopeful with La Plata becoming a little more united, even asking the Urquiza if he thinks his homeland will one day rejoin the rest of Argentina, which Urquiza replied...;;;;;;;;;;;;;
EVTDESC800895;After a while of asking around for Artigas' whereabouts we finally got news from the new governor of Paraguay informing that Artigas departed from Paraguay intent on returning to Montevideo, now that it is once again united with Argentina. We tried to contact Artigas to arrange a meeting in Buenos Aires, but the old man refused to step foot in the city, instead insisting that the Rosas met him on the crossing of the Uruguay River, which Rosas did today. The meeting between the two men was somewhat tense, but amicable, with Artigas congratulating Rosas' rule despite some criticism. At the end of the meeting Rosas granted Artigas once more the title of "Gobernador de la Província Oriental del Uruguay", much to his delight.;;;;;;;;;;;;;
EVTDESC800896;After a while of asking around for Artigas' whereabouts we finally got news from the new governor of Paraguay informing that Artigas departed from Paraguay intent on returning to Montevideo, now that it is once again united with Argentina. Before we could try to arrange a meeting, Artigas showed up in Paraná, our provisional capital, followed by an small entourage of followers. Urquiza was quick to meet Artigas before he departed the city, with the two men spending the afternoon together. The meeting between the two men was pretty amicable, with Artigas congratulating Urquiza's rule and success against Rosas. At the end of the meeting Urquiza granted Artigas once more the title of "Gobernador de la Província Oriental del Uruguay", much to his delight.;;;;;;;;;;;;;
EVTDESC800897;Despite the lack of love between Artigas and the current Unitarian government, we still tried to contact Artigas but, despite finding him at his home in Ybyray Farm, he refused to let our soldiers in, stating that he didn't wish to talk with any Unitarian lackey. Hearing of these news, our president seized the opportunity to—during a visit to Asunción—try to visit Artigas, but the old man still refused to talk to any member of our current government, with the president standing awkwardly in front of Ybyray Farm before finally leaving to go on with his schedule.;;;;;;;;;;;;;
EVTDESC800898;After a while of asking around for Artigas' whereabouts we finally got news from the new governor of Paraguay informing that Artigas departed from Paraguay intent on returning to Montevideo, wishing on spending his last days in Montevideo where he was born. With Artigas nearing the end of his life, we couldn't bear to disturb him, letting the old man quietly return to his hometown and live his last days in peace.;;;;;;;;;;;;;
EVTDESC600080;With the enactment of our constitution, our senators and representatives have elected our first president, José Fructuoso Rivera y Toscana. In contrast to other important figures such as Juan Antonio Lavalleja, Riveira remained in Uruguay during the period of Brazilian annexation, only joining the 33 Orientals once the party crossed into Uruguay. Despite fighting alongside Lavalleja at first, the two clearly had a falling off, worrying some observers about possible conflicts between Riveira and Lavalleja.;;;;;;;;;;;;;
EVTDESC600081;Despite the assassination attempt on his life and Lavalleja's betrayal, Riveira managed to reach the end of his term in one piece, even if he fought some turmoil on the way. With the next election approaching, Riveira has favoured one of the 33 Orientals, Manuel Ceferino Oribe y Viana, as his successor, with both men having once fought together under José Gervasio Artigas back in the day. While Oribe should easily win the presidency, Riveira should still retain the command of the army, which should retain Riveira's influence in the government;;;;;;;;;;;;;
EVTDESC600082;The removal of Riveira from the command of the army was a bold move by Oribe, with the pardoning of Lavalleja only worsening relations between Riveira and Oribe. The situation became so dire that Riveira started to tell his supporter to wear blue armbands (which quickly turned into red armbands) and Oribe—in return—asking for his followers to wear white armbands instead, leading to a division between the supporters of Riveira, the Colorados, and the supporters of Oribe, the Blancos.;;;;;;;;;;;;;
oust_riveira_desc;While Riveira appointed Oribe as his successor, he remained in charge of the armed forces of Uruguay for a while. But, as one of the 33 Orientals, Oribe loyalty to Riveira is fragile at best, with some pointing out that both men have been rivals ever since the days of Artigas. With Oribe's ascension to power, friction between the two man began to appear, with Oribe soon deciding to take away Riveira's position at the command of the Uruguayan Army and pardon Lavalleja for his attempts against Riveira's life and government.;;;;;;;;;;;;; 
oust_riveira_title;Oust Riveira;;;;;;;;;;;;;
URU_conservative_0;Lavallejistas;;;;;;;;;;;;;
URU_liberal_0;Riveiristas;;;;;;;;;;;;;
EVTDESC600083;Lavalleja was the runner-up to Riveira during the 1830 election. Despite harboring a lot of support, Lavalleja couldn't beat the impressive popularity of Riveira, leading to his defeat. Motivated by Riveira's frequent absences and the lack of influence in the government, Lavalleja has just taken arms against Riveira and—with the help of Eugenio Garzón—launched an open revolt to the current government. Lavalleja found some initial success at first, almost capturing Riveira at one point, failing to negotiate with the government in Montevideo and eventually being defeat and exiled from Uruguay. Lavalleja would return once more two times, once in april 1833 and then in march 1834, with both attempts hardly being as successful as his first insurgency.;;;;;;;;;;;;;
incite_corrientes_title;Support the Unitarians in Corrientes;;;;;;;;;;;;;
incite_corrientes_desc;For a long time, two projects of country divided Argentina. Unitarianists or Unitarians were the proponents of the concept of a Unitary state (centralized government) in Buenos Aires and they were led by  Juan Lavalle. They were opposed to the Argentine Federalists, who wanted a federation of independent provinces, led by Juan Manuel de Rosas. The Unitarians, sympathetic to our government, fled Argentina in exile after being defeated in 1831. Rosas, the so called Restorer of the Laws, controlled the Argentine Confederation for too long under his despotic rule. Now, our friends in Uruguay defeated the Blancos and promise to support us if we were to fight the Federalists to end Rosas despotic ruler.;;;;;;;;;;;;;
EVTDESC600084;We can't say that Corrientes was always the most loyal province. Despite being one of the founding members of the Federal Pact and part of the League of the Free Peoples under Artigas, Corrientes had a hard time joining the Federal Pact in the first place and, throught the 1840's, Corrientes would fall under Unitarian control 4 times, with it even rising up a 5th time in support of Urquiza in Entre Rios, with this revolt being successful in removing Rosas. But now, be it under the command of Astrada, Ferré, Lavalle or even Madariaga, we need to crush the Unitarian revolt of Corrientes, before they solifidy their position in Mesopotamia.;;;;;;;;;;;;;
send_varela_title;Send Varela to Europe;;;;;;;;;;;;;
send_varela_desc;§RVarela will be assassinated in march 1848, so be sure to take this decision before that!§! The Unitarians during the Big War counted not only with the support of Uruguay but also limited Anglo-French support. While both nations couldn't wage direct war with Rosas without allies to the ground, we could send Florencio Varela to negotiate with France and Britain for support, with the permission to take desperate measures if needed.;;;;;;;;;;;;;
EVTDESC600085;While they aren't directly involved on land, the British and the French are big supporters of Riveira in their interests of getting allies in the region against Rosas. Thus, in our current struggle against the Federalists currently in Buenos Aires, we sent Francisco Varela to England and France to gather support from these two European powers to aid in our struggle against Rosas. While our first offer would be to grant them free navigation through the Uruguay and Paraná rivers, we wouldn't be opposed to offer them a protectorate over Mesopotamia, if the situation is dire enough for that. So, what is Varela willing to offer to London and Paris?;;;;;;;;;;;;;
EVTDESC600086;Our involvement in the war between Rosas and Riveira has been limited at best, with the Anglo-French Blockade over Argentina starting over the Siege of Montevideo, but the situation has taken quite an interesting turn. While we were busy preventing Oribe from storming Montevideo, Riveira has went ahead and promoted an Uniratian revolt in Corrientes. The Uniratians were exiles from Argentina after their defeat in 1831, but now they come to us with an offer: in exchange from our full support in the war of independence against Rosas, they will grant us a protectorate over their new "Republic of Mesopotamia". While this may damage our relations in the region, it would fulfill our goals of opening up navigation on the Paraná and Uruguay rivers...;;;;;;;;;;;;;
EVTDESC600087;The $FROMCOUNTRY_ADJ$ have reportedly accepted our offer and declared war on Rosas and the Argentine Confederation. Now it is only a matter of time before Mesopotamia is recognized as Unitarian territory!;;;;;;;;;;;;;
EVTDESC600088;The $FROMCOUNTRY_ADJ$ have reportedly rejected our offer, with Varela's offer leading them to declare that the Unitarians ambitions in Mesopotamia went against their interests in the region, withdrawing all support towards us.;;;;;;;;;;;;;
EVTDESC600089;After a brief campaign in Argentina, it seems that Rosas and his army managed to repel all of our attempts to invade Argentina, leading to our defeat. After a prolonged period of outright war between our nations we sign peace with the Argentine dictator, hoping to recover from this humiliation;;;;;;;;;;;;;
EVTDESC600090;Once again we managed to win—against all odds—a war against an European war. Despite their attempts to establish a protectorate over Mesopotamia the $FROMCOUNTRY_ADJ$ have been defeated and their blockade over Argentina has been lifted.;;;;;;;;;;;;;
EVTDESC600091;Despite Rosas best efforts, it seems that, unlike Spain, the British and France forces couldn't be as easily beaten. The Unitarians have managed to establish a nation in Mesopotamia and, with the protection of an European power, we would hardly be ever able to reintegrate them into Argentina.;;;;;;;;;;;;;
EVTDESC600092;It seems that we managed to deal a significant blow the the Federalist government in Buenos Aires, leading Rosas to sue for peace and accept our protectorate over Mesopotamia.;;;;;;;;;;;;;
EVTDESC600093;The Unitarians have swayed the $FROMCOUNTRY_ADJ$ into declaring war against us, stating their intentions to not only free up navigation in the Paraná and Uruguay rivers, but also establish a protectorate in Mesopotamia.;;;;;;;;;;;;;
EVTDESC600094;Oribe's war against Riveira didn't went well. Despite some initial victories and even being able to expel Riveira to Brazil, Riveira found allies in the tumultuous Rio-grandense Republic, which helped him return to Uruguay and inflict several blows to Oribe's government, imposing on him defeat after defeat. But the last blow wasn't dealt by Riveira, instead, during their blockade of Buenos Aires, the French have occupied Martín García Island, leading Oribe to "resign" and flee to Buenos Aires, surrendering the country to Riveira.;;;;;;;;;;;;;
EVTDESC600095;Following their occupation of Entre Rios, the currently occupying Corrientes approached us with a proposal: in exchance for end of hostilities between us, they wish to have the independence of the Republic of Mesopotamia to be recognized. We can't say that that such an arrangement is to our liking, seeing as Mesopotamia is one of the most Federalist regions in the country, severely hurting our political position, but we have been unable to destroy Corrientes' armies, forcing us to accept their deal.;;;;;;;;;;;;;
EVTDESC600096;After a prolonged conflict with Rosas, we ended up in an uneasy stalemate. Our repeated revolts managed to exhaust Rosas' army and, on top of that, with the revolts in the Interior in the interior, we have enough leverage to propose a deal: Rosas could keep the Confederation, but Corrientes would keep Mesopotamia, breaking off from the confederation and allowing it to open the Paraná and Uruguay rivers as a compensation to its allies, forming the Republic of Mesopotamia.;;;;;;;;;;;;;
EVTDESC600097;While the idea of a "Republic" in Mesopotamia isn't new, this is the first time we achieve true independence in the region, with the last "Republic of Entre Rios" being mostly a statement against the Unitarian government that sat in Buenos Aires at the time. But now the roles are flipped, with Mesopotamia being occupied by an Unitarian government and Buenos Aires by and Federalist one. Now, with our independence accepted by Buenos Aires, there is a small debate about what to call our nation: "Republic of Mesopotamia" or "Independent State of Litoral"?;;;;;;;;;;;;;
CRT_prov_gov_liberal;Corrientes;;;;;;;;;;;;;
EVTDESC800899;With the defeat of the 4th and final Unitarian Army in Corrientes and the other Unitarian revolts, the province is once again loyal to the Argentine Confederation and the Federalist cause. After changing governors many times during the conflict, now rises to power the General Benjamín Virasoro as the governor of the province. Having served under Governor Urquiza in his final campaign to retake Corrientes and being a staunch Federalist, we believe he has the experience and the loyalty to keep the province under Federal control for good this time.;;;;;;;;;;;;;
EVTDESC600098;Despite being able to defeat the 1st Unitarian Army of Corrientes by himself, the governor Pascual Echagüe suffered defeat at the hands of the 3rd Unitarian Army of Corrientes, leading to his removal as government and the appointment of Justo José de Urquiza as Governor of Entre Rios. Despite some initial setbacks at the hands of the 3rd Army of Corrientes and even condemned by Rosas, Urquiza would ultimately be successful in defeating the Unitarists for good at the Battle of Vences. Luckily, Entre Rios—with the blockade of Argentina's only port—managed to get quite wealthy, but now, with the blockade lifted, the trade dominance of Buenos Aires is once again bothering the provinces of the Litoral.;;;;;;;;;;;;;
urquiza_proclamation_desc;On May 1st, 1851, General and Governor Justo José de Urquiza, unsatisfied with the lack of the return of the trade-primacy of Buenos Aires after the end of the Anglo-French Blockade and Rosas lack of a proper constitution for the Argentine Confederation decreed the Urquiza's Statement, on which he formally accepted Rosas resignation—which he applied for every year, knowing his resignation as foreign relations minister would be rejected—declaring the effective independence of the Province of Entre Rios until a proper General Assembly for the writing of a constitution was called. Urquiza's Statement was supported by his political pupil Benjamín Virasoro—Governor of Corrientes—which until now was considered one of Rosas' partisans. Rosas, in the other hand, naturally rejected the statement.;;;;;;;;;;;;;
urquiza_proclamation_title;Urquiza's Statement;;;;;;;;;;;;;
EVTDESC600099;It seems that the Mesopotamia region is yet to find peace. Despite having beaten the Unitarian savages from Corrientes, it seems that now the traitors are find in our own party. General and Governor José Justo de Urquiza has just defied Rosas' Government in open revolt, consorting with our Brazilian and Uruguayan enemies, with Corrientes under Benjamín Virasoro following suit as well. It seems that Rosas' Confederation will have one last obstacle before it can finally have peace...;;;;;;;;;;;;;
ENT_prov_gov_liberal;Entre Rios;;;;;;;;;;;;;
CRT_prov_gov_liberal_ADJ;Correntino;;;;;;;;;;;;;
ENT_prov_gov_liberal_ADJ;Entrerriano;;;;;;;;;;;;;
EVTDESC600100;With the "Ejército Grande" taking shape, it began to organize itself in Diamante, with the intention of crossing into the Province of Santa Fé, where governor Pascual Echagüe (who became Governor of Santa Fé after losing his position as Governor of Entre Rios) prepared a defense against Urquiza and his army. On a surprising turn of events, not only did Urquiza's Staff counted with naturals of Santa Fé who kept him updated on the situation across the Paraná River, but the cities of Santa Fé and Rosário both proclaimed support to Urquiza, forcing Echagüe to leave the province to regroup in Buenos Aires, leading Urquiza to take Santa Fé without bloodshed and the start of the war against Rosas!;;;;;;;;;;;;;
EVTDESC600101;We have been ready for war ever since Urquiza released his statement, declaring effective independence from the Argentine Confederation. Due to the marshy terrain of Southern Entre Rios, we were sure that General Urquiza would attemp a crossing to Santa Fé first, which General Pascual Echagüe was in charge of. Echagüe left the city of Santa Fé itself to prepare to meet Urquiza after his crossing, but both the cities of Santa Fé and Rosário stabbed our government in the back, declaring their allegiance to Urquiza. Echagüe was forced to leave the province, with his men deserting him as he made his way to Buenos Aires, with only 300 men remaining by the time he got to Rosas. It is clear our change to put down this revolt is now or never, lest we risk more desertions from our men and other provinces...;;;;;;;;;;;;;
EVTDESC46610020;Having clashed with the Argentines all throughout the Uruguayan Civil War, we are now informed that General José Justo de Urquiza, Governor of the Entre Rios Province in the Argentine Confederation has declared war on Rosas, with the intention of deposing Rosas from the ruling of the Confederation. While Urquiza has once been our enemy, we can't deny that supporting him would benefit us, considering that we could arrange some concessions to disrupt Argentine hegemony over the Paraná and Uruguay rivers.;;;;;;;;;;;;;
EVTDESC600104;While our government stabilizes after our victory at the Battle of Caseros, we recieve news that back in Corrientes, a revolt has granted Gregorio Pujol control over the province. While we are a bit unsure about Pujol's loyalty to Urquiza's cause, he ultimately wouldn't bring Corrientes against the Argentine Confederation, not to mention that Benjamín Virasoro—the old Governor of Corrientes and right-hand man of Urquiza—doesn't seem to mind, considering his new role in the Confederation besides Urquiza.;;;;;;;;;;;;;
EVTDESC600103;Despite some initial setbacks, Rosas managed to beat the traitor José Justo de Urquiza and his army of Unitarian savages and foreign enemies. The Ejército Grande was shattered, with Brazil and Uruguay suing for peace, leaving Urquiza and his allies under our mercy. New governors are already being appointed to the provinces, with Rosas hoping that the Argentine Confederation can finally find some degree of peace now. While this incident has been dealt with, we can't deny that it brought into question some matters regarding the Federal Pact and national organization, which Rosas will need to adress if he wants to solidify his legacy as the Father of the Argentine Confederation.;;;;;;;;;;;;;
EVTDESC600102;With their momentum from the bloodless takeover of Santa Fé, Urquiza, together with his Uruguayan and Brazilian allies, managed to win the decisive Battle of Caseros, leading Rosas to resign and flee the country, effectively exiling him to England. With this great victory, Urquiza is left as the definitive master of the Argentine Confederation. Luckily, the general is already preparing the ground for a new constitutional convention, promoting the San Nicolás Agreement, setting the bases for the national organization of the future Argentine Constitution. Sadly, Buenos Aires refused to ratify the pact, leading to Urquiza to intervene in the province, putting down any dissent for the time being...;;;;;;;;;;;;;
EVTDESC600105;It would seem that Urquiza's Federal Intervention on Buenos Aires wasn't enough to quell the Unitarian sentiment in the city. Urquiza left the city in the 8th of September to preside over the Constitutient Congress' sessions, and 3 days later, in the 11 September, a bloodless coup by took over Buenos Aires, with the new government in the city preparing to act against Urquiza!;;;;;;;;;;;;;
EVTDESC600106;Despite our victories in the Litoral, the interior provinces of the Argentine Confederation seem to be having their fair share of trouble. Sensing the Federalist infighting, many Federalist governors in the interior were deposed, with one of the more worrying examples being found in the north, being of the provinces of Tucumán, Salta and Santiago del Esterro which—after changing hands a couple of times—all ended up under the control of an Unitarian alliance in the north, led by Manuel Taboada. Despite the calls for help from the Federalist governor of Tucumán—Celedonio Gutiérrez—against Manuel Taboada and his ally José María del Campo, Urquiza wasn't of much use, leading to del Campo's takeover of Tucumán and the persecution of Federalists in Tucumán.;;;;;;;;;;;;;
EVTDESC600107;Even with their overwhelming influence over Santiago del Estero and its neighboring provinces, the Northern Alliance under Manuel Taboada couldn't prevent the Federalists of slowly retaking the governorship of the Interior provinces, as well as the sympathy of the people as the memories of Rosist rule fade and the Argentinian Civil Wars come to an end. Taboada's alliance has finally come it is end, securing Federal rule over the region. That is not to say that his Liberal Party is dead, sadly such an Unitarian tool does not perish easily as Taboada.;;;;;;;;;;;;;
EVTDESC600108;The Argentine Constitution of $YEAR$ was promulgated by Provisional Director José Justo de Urquiza. Being the 3rd Argentine Constitution of the country, it would see more success than the 1st and 2nd constitutions—which both were proposed by Buenos Aires but failed to gain support from the other provinces. The Constitution was based on the Federal model and the Federal Party's ideas, on top of being heavily inspired by the United States Constitution and the pioneering ideas of Juan Bautista Alberdi. Its text granted high level of independence to the Argentine provinces, a strong executive branch government and a bicameral national congress. Less than a year after the promulgation of the constitution, Urquiza would assume office as the 1st President of the Argentine Confederation.;;;;;;;;;;;;;
taboada_alliance;Taboada's Alliance;;;;;;;;;;;;;
unitarian_federal_clashes;Unitarian-Federal Clashes;;;;;;;;;;;;;
EVTDESC600109;It seems that the victory against Rosas was only the first step for the new Argentine Confederation. While the armies of Buenos Aires were quick to be beaten and an ex-Rosist mutiny laid siege to the city, allying with Urquiza, such a siege appears to have no end in sight. We were already starved off of money to play our troops, but we hoped that the blockade of the city would make it fall soon enough. Sadly, such plans went down the drain once Commander John Halstead Coe accepted a bribe from the Buenos Aires' government in exchange for the surrender of the navy in favour of Buenos Aires. Now, with no prospect to ever finish the siege like that, we are forced to withdraw...;;;;;;;;;;;;;
EVTDESC600110;After a prolonged conflict with Rosas, we ended up in an uneasy stalemate. Urquiza's coffers were running dry and—despite having the money to fund his troops—Rosas's army was under severe disadvantage, due to Urquiza's Brazilian and Uruguayan auxiliaries. On top of that, with the lack of reinforcement's from the interior, Urquiza had enough leverage to propose a deal: Rosas could keep the Confederation, but Urquiza and his allies would break off from the Confederation, forming the Independent State of the Litoral.;;;;;;;;;;;;;
EVTDESC600111;After a prolonged conflict with Rosas, we ended up in an uneasy stalemate. Urquiza's coffers were running dry and—despite having the money to fund his troops—Rosas's army was under severe disadvantage, due to Urquiza's Brazilian and Uruguayan auxiliaries. On top of that, with the lack of reinforcement's from the interior, Urquiza had enough leverage to propose a deal: Rosas could keep the Confederation, but Urquiza and his allies would break off from the Confederation, forming the Independent State of the Litoral.;;;;;;;;;;;;;
EVTDESC600112;While the idea of a "Republic" in Mesopotamia isn't new, this is the first time we achieve true independence in the region, with the last "Republic of Entre Rios" being mostly a statement against the Unitarian government that sat in Buenos Aires at the time. While our ambition was to overthrow Rosas, both Urquiza and his allies are satisfied with having Mesopotamia under his control, leading to the free navigation of Paraná and Uruguay Rivers. Now, with our independence accepted by Buenos Aires, there is a small debate about what to call our nation: "Republic of Mesopotamia" or "Independent State of Litoral"?;;;;;;;;;;;;;
EVTDESC46653;$FROMCOUNTRY$ are proposing a border and navigation treaty to resolve some of our border disputes with them. It involves the cession of the Paraguayan Misiones in exchange for the recognition of Paraguayan independence, dropping all claims to Pilar and entering an alliance with them against the government in Buenos Aires. It also gives Paraguay rights to navigate through our rivers.;;;;;;;;;;;;;
EVTDESC46654;$FROMCOUNTRY$ accepted our proposal! Our troops are already withdrawing from Missiones and a small celebration is being held at the new border with $FROMCOUNTRY_ADJ$ government officials to celebrate the start of a great friendship between our two nations! We hope they can help us dissuade Argentinian claims in the Chaco.;;;;;;;;;;;;;
EVTDESC46655;$FROMCOUNTRY$ rejected our proposal! With this potential ally rejecting our overtures, we are forced to further entrench our position between our hostile neighbors. We can only hope $FROMCOUNTRY$ isn't planning on attacking us instead.;;;;;;;;;;;;;
league_of_the_free_peoples_desc;§RGain 5 infamy§! Between foreign and personal interests, to some degree, Entre Rios independence from the Argentine Confederation was founded on bases of the wish to uphold the ideals of Federalism. To reinforce our place as the bastion of "True Federalism", we could—to some degree—claim to be the true successor to the League of the Free Peoples, the state that—under José Gervasio Artigas—gave birth to the Federalist movement in Argentina. Doing so would put us at odds with our old allies, which now occupy territory which was once part of the League and would also rekindle our hostilities with Buenos Aires, which not only may still claim to be successors to the League, but also hold the Province of Córdoba, which was also part of the League to some degree.;;;;;;;;;;;;;
league_of_the_free_peoples_title;Claim the Mantle of the League of the Free Peoples;;;;;;;;;;;;;
juliana_connection_title;Legacy of the Juliana Republic;;;;;;;;;;;;;
juliana_connection_desc;§RGain 5 infamy§! With the birth of the Uruguayan Federation and the integration of the Gauchos from Rio Grande do Sul, the old ties between Uruguay and the local population have been rekindled. Despite the differences between us and the local population, we faced a lot of sympathetic sentiment in the region, with some like-minded even offering to pull some strings to find support across the northern border, in Santa Catarina, to try and give us a chance to claim the region. Santa Catarina was once occupied by the Rio-grandense Republic during the Ragamuffin War, with the Juliana Republic being established. With support from the Farrapos in Rio Grande do Sul, we could claim the region and shorten our border with Brazil significantly.;;;;;;;;;;;;;
reinvade_paraguay_title;End Paraguay's Independence;;;;;;;;;;;;;
reinvade_paraguay_desc;§RGain 10 infamy§! During the Platine Wars of Independence, Paraguay's fate stood on the edge of a knife. At the start, during the First Junta of Buenos Aires, Manuel Belgrano tried to invade Paraguay to liberate it from Royalist forces. Not only Belgrano in that task but Artigas also tried to incorporate Paraguay in the League of the Free Peoples, an prospect that also found no success. With both failed attempts on the conquest of Paraguay by Platine forces, the country's independence was secured. But now—as we carry the mantle of the League of the Free Peoples—Paraguay stands as the only country—besides us—between Argentina and Brazil. Thus, conquering it would not only avenge Artigas' attempt, but also become a stronger buffer between the two giants that border us.;;;;;;;;;;;;;
become_BAB_CRT_title;The Tower of Babel;La tour de Babel;Der Turm von Babylon;;La Torre de Babel;;;;;;;;;
become_BAB_CRT_desc;Very little progress has been made in the past few thousand years on that greatest of all building projects initiated by our proud ancestors. With Mesopotamia's recent ascent to power and standing in the world, there is some talk... though all talk has been strangely hard to understand lately... of starting the project back up again! With modern technology, who knows what wonders could be accomplished?;Au cours des derniers millénaires, très peu de progrès ont été faits sur le plus grand projet de construction initié par nos illustres ancêtres. Avec la montée en puissance récente et la nouvelle place dans le concert des nation de l'Iraq, on parle - même si récemment, le discourt s'est fait incompréhensible - de relancer le projet ! Avec la technologie moderne, qui sait quelles merveilles pourraient être accomplies ?;Im Laufe der letzten Jahrtausende wurden beim größten aller Bauprojekte, begonnen von unseren stolzen Vorfahren, kaum noch Fortschritte erzielt. Durch den kürzlichen Aufstieg des Iraks zu Macht und Ansehen in der Welt gibt es Gespräche ... die in letzter Zeit merkwürdigerweise nur schwer zu verstehen waren ... das Projekt wieder aufzunehmen! Welche Wunder wohl durch den Einsatz moderner Technologie möglich wären?;;En los últimos milenios apenas se han hecho progresos en el mayor de los proyectos de construcción iniciado por nuestros orgullosos antepasados. ¡Con el reciente ascenso de Irak en el concierto de las naciones, cada vez más voces (aunque cada vez más confusas, también es cierto) hablan de reiniciar el proyecto! Con la tecnología moderna, ¿quién sabe qué maravillas se podrían alcanzar?;;;;;;;;;
EVTDESC600113;Not long after the Argentine Confederation under Urquiza sanctioned their new constitution, the newly-independent State of Buenos Aires was sure to follow suit and sanction their own constitution. While the document doesn't outright declared independence from the Argentine Confederation, it leaves clear that Buenos Aires won't join the Confederation, unless it has the right to revise the Confederation's Constitution before joining.;;;;;;;;;;;;;
EVTDESC800900;While Federalism triumphed over Unitarism with the readmission of Buenos Aires into the Argentine Confederation, that is not to say that Federalism was quite safe. In the recent years, as the Argentine Confederation evolves, the old caudillos that were the heads of the Federalist Party are less and less able to gather power and influence, effectively changing the party's dynamics in the last few years. With the declining power of the caudillos, the party started to enjoy new factions, threatening to break away the party, the most relevant of which being the National Autonomists, the head of which is Nicolás Avellaneda, who is not only aligned with important figures like Alberdi, but is also a proponent of the institutional modernization of the Confederation. Should Avellaneda take over the Federalist party, he is sure to let Federalism evolve to something better suited for the years to come.;;;;;;;;;;;;;
EVTDESC800901;Despite his involvement in the 1830 Sedition, by the 1840's, as the liberal revolutions ravaged Europe, Samuel Gottfried Kerst was back in Germany to witness the liberal revolutions that swept across his fatherland. There he would become an active player in Prussian politics, working for its administration until it coming at odds with Prussia naval strategy. After falling out with the Prussian Navy, Kerst would become member of the Prussian Parliament and then a newspaper editor. More recently, Kerst has published a series of works about German immigration to Brazil and the Rio grandense Republic, promoting waves of German immigration, to Brazil's detriment.;;;;;;;;;;;;;
oribe_repaying_the_favour_title;Repaying the favour;;;;;;;;;;;;;
oribe_repaying_the_favour_desc;When Rivera—with help from his Anglo-French backers—deposed Oribe, Rosas was the man which not only hosted Oribe in exile, but also went to war to restore Oribe to the Uruguayan presidency. Now, as Oribe sits at the head of the Uruguayan politics once again, Rosas is facing problems back home, with the governor of Entre Rios—José Justo de Urquiza—revolting against him. It is about time we return the favour and help Rosas against this insurgency.;;;;;;;;;;;;;
EVTDESC600114;When Rivera—with help from his Anglo-French backers—deposed Oribe, Rosas was the man which not only hosted Oribe in exile, but also went to war to restore Oribe to the Uruguayan presidency. We are not surprised to know that now, as Urquiza wages a war against Rosas, Manuel Oribe has declared full support to Rosas, declaring war on Urquiza and his allies.;;;;;;;;;;;;;
EVTDESC600115;When Rivera—with help from his Anglo-French backers—deposed Oribe, Rosas was the man which not only hosted Oribe in exile, but also went to war to restore Oribe to the Uruguayan presidency. We are not surprised to know that now, as Urquiza wages a war against Rosas, Manuel Oribe has declared full support to Rosas, declaring war on Urquiza and his allies.;;;;;;;;;;;;;
EVTDESC600116;With our triumph against the traitorous Urquiza, we can't overlook the help Manuel Oribe provided us by being quick to declare war against Urquiza. Rosas can't help but consider if a closer relationship with Oribe's Uruguay would be in order, an idea that was tossed around before, but post-ponned by Urquiza's revolt. With Anglo-French influence expelled from Uruguay, no one could oppose us if we were to sign a treaty declaring Oribe to the governor of the Provincia Oriental.;;;;;;;;;;;;;
EVTDESC600117;With our triumph against the traitorous Urquiza, Rosas couldn't help but see the value Oribe had been to his Confederation. Naturally, seeking to deepen their partnership, Rosas proposed to Oribe that Uruguay join the Argentine Confederation, with him as its provicial governor, of course.;;;;;;;;;;;;;
EVTDESC800902;Many of the men who fought under Urquiza against Rosas wanted one thing and one thing only, a democratic constitution for the Argentine Federation. While we have little hope of implementing such a constitution on the Argentine Confederation—still under Rosas—with our independence, we can at least let our people bear fruit of such ideas. With nothing in his way, Urquiza called for a constitutional congress in Santa Fé, which has just finished the final draft of the Constitution of $COUNTRY$, following our federalist and democratic ideals.;;;;;;;;;;;;;
EVTDESC600118;Despite our allies planning to do a naval invasion of Santa Fé from Sacramento, General Justo José de Urquiza, with the help of his Uruguayan and Brazilian auxiliaries, managed to beat Rosas at the Battle of Monte Caseros, which prompted the Argentine tyrant to flee from the battlefield to Buenos Aires, where he would disguise himself and embark on a ship out of the country, effectively exiling himself and handing over the country to Urquiza.;;;;;;;;;;;;;
EVTDESC600119;Our relations with our southern neighbors aren't the best. Argentina has tried—and failed—to invade our nation in the past and they still claim that we are just a rebelious province of their confederation. While the current head of the confederation Juan Manuel de Rosas is set on one day reconquering Paraguay, a revolt has broken on the other side of the border, with the Province of Corrientes being currently controlled by Unitarians that oppose his government. While they already count with Uruguayan support, giving them further support would only weaken Rosas and maybe provide us with leverage to negotiate our independence with the Unitarians in the future.;;;;;;;;;;;;;
rosas_dead;The Death of Rosas;;;;;;;;;;;;;
commission_angelis_constitution_title;Implement Angelis' Constitution;;;;;;;;;;;;;
commission_angelis_constitution_desc;The traitor José Justo de Urquiza once commissioned journalist and historian Pedro de Angelis a constitution. While Urquiza was defeated by our great leader Rosas, the constitutional project went ahead, with the finished 135-long constitution being published in Angelis' journal in Buenos Aires. Rosas—at first—personally wasn't very keen on Angelis and his work, but with time our great leader approached Angelis personally to publish some intellectual projects of his government, creating a bridge between the two men. With Rosismo evolving and Rosas' health starting to fade, it may be for the best that—instead of relying on Rosas' son to carry his regime on—we commission Angelis' constitution to be sanctioned as the official constitution of the Argentine Confederation.;;;;;;;;;;;;;
EVTDESC600120;Princess Alice arrival in Buenos Aires was a celebrated one. It was hard to convince the English government to let Alice be crowned Queen of Argentina, but—after guaranteeing Alice would reign as a constitutional monarch—the British Royal Family accepted letting Alice be our queen. Just like that, today, on the year of our Lord $YEAR$, Alice Maud Mary, also known as Princess Alice of the United Kingdom, was crowned as Queen Alice I, of the Saxe-Coburg-Gotta dynasty, first queen of the Argentine Monarchy. Long live the Queen!;;;;;;;;;;;;;
EVTDESC600121;Sadly, for one reason or another, the British Royal Family refused to let Princess Alice be crowned Alice I of Argentina. While this is quite a setback to Rosas monarchical plans, maybe, if he is so set on following this path, the dictator could declare himself Protector of Argentina and Restorer of the Order, granting him the title of king Juan Manuel de Rosas I, the first of the Rosas dynasty, first king of the Argentine Monarchy.;;;;;;;;;;;;;
province_of_paraguay_title;Cut Negotiations with Paraguay;;;;;;;;;;;;;
province_of_paraguay_desc;§RGain 10 infamy§! "Relations with the Province of Paraguay, which have been severed for many years, will be definitively restored by the first Legislative Congress that meets after the present Constitution is sworn in." — These are the exact words in Angelis' Constitution. While vague, Angelis confessed—at a later date—to including it as a path to reintegrate Paraguay into the Confederation. Paraguay has long been a great reason of shame and a thorn in our side, with its dictator—Carlos Antonio López—having supported both the Unitarians in Corrientes and the traitors under Urquiza. But—following Angelis draft—we have established negotiations with Asunción which have yet to be fruitful. Maybe it is about time we cut off our relations with Paraguay and end their independence once and for all.;;;;;;;;;;;;;
VNZ_prov_gov_liberal;Interim Government of Colombia;;;;;;;;;;;;;
EVTDESC600122;With out victory against the secessionists, the new reformist government can declare itself the "Interim Government of Colombia", with the hope of soon reforming an unified Colombia.;;;;;;;;;;;;;
EVTDESC600123;Sadly, be it by our idleness or our failure to unite Colombia by force, the reformist spirit that started the reformist revolt has long since faded, leaving us to officially drop the claims to an unified colombian state once for the time being.;;;;;;;;;;;;;
EVTDESC600124;The French Blockade, while not enough to make us kneel under its weight, surely hit our nation quite hard, so much so that the landowners of Buenos Aires started to conspire with our French and Unitarian enemies to depose our great leader from Buenos Aires. This conspiracy was able to reach Rosas' personal friend, Manuel Vincente Maza, whose son was chosen as son of said conspiracy. As the conspirators were ready to strike, Rosas managed to arrest Maza's son, which—after supposedly trying to help his son—was assassinated in his office, with his son being executed in the next day. With that, the revolt lost the support in Buenos Aires itself, with it being limited to a small army in the south of Buenos Aires. The army was meant to be lead by Juan Galo de Lavalle, the old Unitarian governor of Buenos Aires, but he ended up being leading his army into Entre Rios, were he found some degree of success, leaving the revolt in Buenos Aires to fight on its own.;;;;;;;;;;;;;
EVTDESC600125;Once, the interior was safely under the rule of Facundo Quironga. But ever since his death in 1835, things began to change. Governors of the interior provinces began to slowly be swayed to the Unitarian cause, leading to a small revolt by Domingo Cullen, which was swiftly dealt with by governor Juan Pablo López—of Santa Fé. Now, with the war against Corrientes waging on another bigger, more threatening revolt, has come to be, with the governor of Tucumán—Marco Manuel Avellaneda—rallying an coalition against Rosas, joining forces with the governors of Salta, Jujuy, Catamarca and La Roja. Rosas tried to prevent the uprising by seizing Tucumán's guns, but the general he sent—Gregorio Aráoz de Lamadrid—joined forces with the coalition—due to his Unitarian background.;;;;;;;;;;;;;
ARG_prov_gov_liberal;Northern Coalition;;;;;;;;;;;;;
unite_with_argentina_title:Unite with the Argentina;;;;;;;;;;;;;
unite_with_argentina_desc;Our old disputes with the Federalist Party led to our secession from the old Argentine Confederation. With the fall of the Federalist government, the Unitarians took over Argentina, destroying the old confederation and declared the creation of the Argentinian Republic, which closely alligns with our ideals. Perhaps now it's time we finally rejoin Buenos Aires...;;;;;;;;;;;;;
EVTDESC600126;When Alto Peru was incorporated in the Argentine Confederation, it was bound to have a special status. Since then, Argentine politics have slowly sapped into Bolivia, with disputes between Unitarians and Federalists also happening in Alto Peru, as they also happened in the Argentine Interior. Together with the governors of La Roja, Santa Fé and—of course—Buenos Aires, the Governor of Alto Peru was one of the pivotal federalist governors in the confederation. But recently, the old governor left the office, giving way to a new governor, less aligned with Rosas and his ideals. Now, be it for a desire to truly support the Bolivian people, to support the Unitarians or pure madness, the new governor of Alto Peru has declared, in La Paz, war on Rosas and his Federalist confederation, rallying the Bolivian people to his side. Sadly, we can't say that the entire country followed the governor's idea, with provinces like Tarija and Salta regrettably declaring loyalty to the confederation, taking arms against us.;;;;;;;;;;;;;
EVTDESC600127;When Alto Peru was incorporated in the Argentine Confederation, it was bound to have a special status. The governor of Alto Peru was—among the governors of La Roja, Santa Fé and, of course, Buenos Aires—one of the most important governors in the Argentine Confederation. But after serving us truthfully, the governor of Alto Peru was deposed by one of his subordinates, which now, in our moment of weakness, has declared war on Rosas, trying to have Bolivia to rule as his little fiefdom. Luckily, some of Alto Peru sees this madness and chooses to take arms against the mad caudillo, declaring allegiance to governor Rosas and his confederation.;;;;;;;;;;;;;
EVTDESC600128;When Alto Peru was incorporated in the Argentine Confederation, it was bound to have a special status. The governor of Alto Peru was—among the governors of La Roja, Santa Fé and, of course, Buenos Aires—one of the most important governors in the Argentine Confederation. Shamefully, with the death of the old governor of Alto Peru, the local governor in Alto Peru has elected a new caudillo to rule the region for the confederation. To our surprise, the new caudillo proved himself quite popular, with this hold over Alto Peru benefiting the confederation, with no doubt. But now, in our moment of weakness, it would seen that the governor of Alto Peru has declared the wish to "free the Bolivian people from the clutches of Buenos Aires", declaring war on Rosas for the independence of the Republic of Bolivia. Luckily, some of Alto Peru is still interested in being part of the Argentine Confederation, declaring allegiance to the Argentine Confederation, hindering the plans of this new "President of Bolivia"...;;;;;;;;;;;;;
EVTDESC600129;When Alto Peru was incorporated in the Argentine Confederation, it was bound to have a special status. The governor of Alto Peru was—among the governors of La Roja, Santa Fé and, of course, Buenos Aires—one of the most important governors in the Argentine Confederation. Argentinian politcs were bound to penetrate Alto Peru. The local governor had to put down not only nationalistic elements, but Unitarians as well. But it would seem that the governor of Alto Peru—as did the other governors in the interior—ended up falling for Unitarian rethoric, becoming open enemies to Rosas Federalist party and allying with the Unitarian revolts across our country. They are now just one more Unitarian revolt we have to deal with it. Luckily, some of the Alto Peruvian provinces are loyal to the federalist cause, declaring allegiance to Rosas and the Argentine Confederation, lest the Unitarians in Buenos Aires strip away their liberties.;;;;;;;;;;;;;
EVTDESC600130;The Army of North was victorious! Our role in the downfall of the Peru-Bolivian Confederation—despite being somewhat limited—earned us the opportunity to take a few spoils from this war. While it would be in our ultimate interest to make Bolivia join our great nation—as it was once part of the Viceroyalty of the Río de la Plata—our role in the war was far too small for such a prize. But, that is not to say we are to leave empty handed, as we could solve some of our contested claims with Bolivia, or even look into some of their territory which we could annex. Besides our claims in Tarija and Susquis, we also could also annex the Bolivian ports in Antofagasta, which were once part of the Province of Salta. On top of that, one of the ideas we had during the war was to sack Potosí and its mint, luckily, this idea wouldn't come to fruition, but maybe it wouldn't be a bad idea to take the city and its mint for ourselves, considering it was responsible for minting our first coins. Annexing any of these territories for ourselves is bound to make mortal enemies out of the Bolivians, no doubt.;;;;;;;;;;;;;
EVTDESC600131;Rivera, by igniting a revolt in Corrientes, led to a general Unitarian uprising across Argentina, with revolts Rosas' regime facing revolts in the Interior and Buenos Aires. Regrettably, one of the campaigns had to be fought over Alto Peru, where—to our surprise—we faced some support, despite the betrayal coming from the local governor. Provinces like Tarija and Salta came to our aid in our hour of need and now, as the dust settles, they ask for deeper ties with the Argentine Confederation, wanting to be a direct part of the Confederation, rather than being under Alto Peru.;;;;;;;;;;;;;
EVTDESC600132;Ever since becoming part of the Argentine Confederation, the man responsible for Alto Peru was one of the 4 major governors, together with Rosas, Quironga and López. Now, as Rosas faces severe pushback to his rule amidst his conflict with Montevideo. With the revolt in the Argentine Interior, many in Alto Peru wonder if Alto Peru will take part in the conflict and how will its possible role play out. As a new governor now takes office, the kind of man that he revels himself to be could be pivotal to the future of Alto Peru and the conflict ravaging the Confederation.;;;;;;;;;;;;;
andresito_cultures_title;The Rights of the First Peoples;;;;;;;;;;;;;
andresito_cultures_desc;While we can't say the Federalist Party is ideologically aligned with the idea of indigenous rights, our ideology and political structure always favoured great cooperation with the local indigenous peoples. Artigas was the first to do so, with his policies and networks reaching the indigenous peoples. Besides that, as the Federalist model favoured local power, Federalist caudillos were quick to use the local natives to their advantage, not to mention that nods to the native population weren't an exclusive Federalist phenomenon, with the declaration of independence by the Congress of Tucumán being published in Spanish, Quechua and Aimara.;;;;;;;;;;;;;
rivera_won;Uruguay owes us a favour;;;;;;;;;;;;;
EVTDESC600133;Despite our best efforts, the Army of the North was defeated! While we expected an easy conflict against an unstable confederation, it seems that our defeat was assured one way or the another, which Chile faring no better. We now wait for the Confederation's terms, maybe they will go easy on us, after all that happened.;;;;;;;;;;;;;
EVTDESC600134;Having defeated the Argentinian Army of North, our Confederation stands victorious! Our enemies expected a weak and unstable confederation, but they were gravely mistaken and it is now time we decide the price they will pay for it. While most argue we should just make our $FROMCOUNTRY_ADJ$ neighbors drop our claims on us, there is the real possibility of getting some extra land out of this, at the cost of making an permanent enemy to the south. What was suggested is that we annex some of the Argentinian interior provinces, Jujuy and Salta, maybe Tucumán and Catamarca, all of which once had deep economic ties with us.;;;;;;;;;;;;;
EVTDESC600135;After the Revolution of the Restorers, Balcarce was succeed by Juan José Viamonte, which soon was forced to resign as well, leading to Manuel Vicente Maza to assume the Governorship of Buenos Aires, after no one else accepted the position. Maza—a friend of Rosas who participated in the Revolution of the Restorers—would soon have to resign as well, as in February he sent Federalist leader Facundo Quironga to settle a dispute in the Interior. On his way there, Quironga was assassinated, leading to such public outrage that he was forced to resign, with the House of Representatives of Buenos Aires finally yelding and electing Juan Manuel de Rosas to the governorship of the province, granting him the "sum of the public power" and thus dictatorial powers. Rosas would become the 17th Governor of Buenos Aires in the 13th of March.;;;;;;;;;;;;;
EVTDESC600136;With the help of the Sociedad Popular Restauradora—and its parapolice unit, La Mazorca—Rosas managed to use state terrorism as a tool for his regime. La Mazorca would conduct raids into neighborhoods, persecuting anyone not deemed loyal enough to Rosas, accusing them of having ties to the Unitarians. Rosas would exercise full control of La Mazorca as a tool for terror, burning opposition newspapers and being sure to pick the targets whose demise would be the most useful as a tool of terror, instead of carrying out its attacks randomly. In the end, most enemies of Rosas would end up having to exile themselves—usually to Montevideo, where they would find support with the Uruguayan colorados—leaving the Argentine dictator with full control over the Province of Buenos Aires.;;;;;;;;;;;;;
EVTDESC600137;Rosas' new regime sought to control every aspect of public life, buildings were decorated in red, the color of Rosismo and Federalism, every public document held the inscription "Death to the Savage Unitarians" at the top of it, government employees were forced forced to wear a badge saying "Federation or Death" and every male and female had to sport a "federal look", with males being forced to grow moustaches and sideburns, not to mention the children also having to wear uniforms with the colors and motiffs of the new regime. The red color became omnipresent in Buenos Aires as a constant reminder of Rosas and his regime.;;;;;;;;;;;;;
EVTDESC600138;The dictorial powers granted by holding "the sum of public power" allowed Rosas to create an elaborate cult of personality around himself, letting him be portrayed as almighty protector of the people. His portraits were carried out on the street in demonstrations and then put on the church alter to be venerated. Rosas had the backing of most Catholic clergy, especially since most of them were on the state's payroll, since the Catholic Church had refused to acknowledge Argentinian independence, letting the government invest their own men into the churches and parishes of Buenos Aires, with the only clergy which opposed Rosas—the Jesuits—being expelled from the country as was most opposition to Rosas.;;;;;;;;;;;;;
EVTDESC600139;Rosas came to control various aspects of everyday life for the people of Buenos Aires, forcing people to adhere to Federalism and Rosismo even in the way they wore their clothes. In spite of that, he also managed to enjoy some popularity with both Afro-Argentines and Gauchos, being admired for his willingness to mingle with these marginalized groups of Argentine society. That is not to say that Rosas was all-benevolent—seeing as those who had the courage to oppose him are now dead, castrated or living across the Rio de La Plata in Montevideo. Rosas' hegemony over the politics of Buenos Aires is unmatched.;;;;;;;;;;;;;
paternalistic_totalitarism;Paternal Totalitarianism;;;;;;;;;;;;;
paternalistic_totalitarism_desc;Our great leader holds total authority over the society and seeks to control all aspects of public and private life wherever possible, seeing himself as a "benevolent dictator" and a father to our people. He reaches so far as to dictate how people dress and carry themselves, plastering the symbols of the regime all over the country. In contrast, anyone opposed to his absolute authority is forced into hiding, or faces punishment in prison or even is made an example by our leader's agents. The entire population is, willingly or unwillingly, conscripted to serve our leader's priorities and subject to his whims.;;;;;;;;;;;;;
EVTDESC600140;Despite our best attempts to overthrow Rosas, our effort has been in vain, we were unable and retake Buenos Aires for the Unitarian cause and our revolt is over.;;;;;;;;;;;;;
EVTDESC600141;Recently our armies have marched to occupy the region of the Chaco. The region is currently pending incorporation in our nation, with the Province of Santa Fé laying claim to part of it. Sadly the region is also claimed by Argentina, leading to some of our advisors to suggest that we propose a treaty to our neighbors, splitting the Chaco along a straight line along Santa Fé's claims, keeping everything to its east. This would prevent any future conflict with out neighbor due to our conflicting claims to the Chaco.;;;;;;;;;;;;;
EVTDESC600142;Recently, $FROMCOUNTRY_ADJ$ armies have marched to occupy the region of the Chaco. As we also claim the region, we had already started to draw plans to recover the region from them, but it seems that they predicted that the region could cause conflict between our countries, with their diplomats reaching us to propose a treaty splitting the Chaco, offering to give us all the land west of Santa Fé's claims to the land, which would grant us about half of the territory they came to occupy.;;;;;;;;;;;;;
EVTDESC600143;Our diplomats came back from the $FROMCOUNTRY_ADJ$ capital, informing that the treaty was a success! As our troops leave part of the Chaco, we can sleep easier at night knowing that we have one less reason to fight our neighbors.;;;;;;;;;;;;;
EVTDESC600144;Our diplomats came back from the $FROMCOUNTRY_ADJ$ capital, informing that the treaty was rejected! We can only hope that the $FROMCOUNTRY_ADJ$ hawks aren't planning to invade us for all of the Chaco, but we better prepare for war anyway...;;;;;;;;;;;;;
help_urquiza;Helping Urquiza;;;;;;;;;;;;;
lost_buenos_aires;The Loss of Buenos Aires;;;;;;;;;;;;;
lost_buenos_aires_desc;With the revolt in Buenos Aires following Rosas being overthrown, we have been left in a precarious position. We have lost the country's most important port and our coffers are running drier from the loss of its revenue, hindering our ability to muster large armies for prolonged periods of time.;;;;;;;;;;;;;
EVTDESC600145;As Buenos Aires was still independent despite our initial victories, we entered a period of uneasy peace with our old capital city. Regrettably, some of our generals have took the initiative to retake the city themselves. The last attempt was carried out by general José Maria Flores—which returned safely to Santa Fé, if a bit beaten—and general Jerónimo Costa, which, to our dismay, marched towards Buenos Aires with less than 200 men, leading to the Battle of Villamayor, which quickly turned into a massacre, as Costa's forces were forced to surrender and then executed by the savage Unitarians.;;;;;;;;;;;;;
EVTDESC600146;After a brief conflict with the Unitarians in Cuyo, the Confederation's Congress has authorized the use of force to reintegrate Buenos Aires into the Federation. Such an act was seen by Buenos Aires as a declaration of war, which prompted a Porteño invasion of the Argentine Confederation. The invasion resulted in the Battle of Cepeda, which was a Federal victory, leaving the path to Buenos Aires open. Now, as someone who always favoured the diplomatic way, instead of marching into Buenos Aires, Urquiza considered camping on San José de Flores and offering to negotiate with the Unitarian leadership, willing to put their differences aside in favour of a better national union.;;;;;;;;;;;;;
EVTDESC600147;After a brief conflict with the Unitarians in Cuyo, the Confederation's Congress has authorized the use of force to reintegrate Buenos Aires into the Federation. Such an act was seen by Buenos Aires as a declaration of war, which prompted a Porteño invasion of the Argentine Confederation. The invasion resulted in the Battle of Cepeda, which was a Federal victory, leaving the path to Buenos Aires open. Luckily, Urquiza—instead of taking Buenos Aires by force—decided to camp on San José de Flores, offering to negotiate with the Unitarian leadership, willing to put their differences aside in favour of a better national union. While this would allow us to gain significant concessions, Governor Valentín Alsina is against such negotiation, leading some to suggest that we force him to resign, lest we lose the change to get significant concessions.;;;;;;;;;;;;;
EVTDESC600148;Finally, peace has prevailed and the Porteño government agreed to negotiate. What followed was the Pact of National Unity, in San José de Flores. The pact would entail in a series of benefits for the "newly-incorporated" province of Buenos Aires, which on top of retaining some political dominance over the country, managed to get some changes done to the constitution on its favour. The deal has left a sour taste in the mouth of many, with some observers not sure if the peace with Buenos Aires will last...;;;;;;;;;;;;;
EVTDESC600149;Finally, peace has prevailed and the Porteño government agreed to negotiate. What followed was the Pact of National Unity, in San José de Flores. The pact would entail in a series of benefits for the "newly-incorporated" province of Buenos Aires, which on top of retaining some political dominance over the country, managed to get some changes done to the constitution on its favour. Despite the concessions we managed to squeeze out of Argentine Confederation, we are set on breaking off from the Confederation at the first opportunity.;;;;;;;;;;;;;
EVTDESC600150;After a brief conflict with the Unitarians in Cuyo, the Confederation's Congress has authorized the use of force to reintegrate Buenos Aires into the Federation. Such an act was seen by Buenos Aires as a declaration of war, which prompted a Porteño invasion of the Argentine Confederation. The invasion resulted in the Battle of Cepeda, which was a Federal victory, leaving the path to Buenos Aires open. Now, Urquiza marches towards Buenos Aires. We are forced to munster a new army if we want to have any chance to not be forcefully integrated into the Confederation.;;;;;;;;;;;;;
EVTDESC600151;With another conflict with the Argentine Confederation ending in a stalemate, it is about time we think about our future. For how long will we wage war against the Federalists? Despite not being able to defeat the Confederation, we still hold enough leverage to have them accept the definitive secession of Buenos Aires from Argentina, letting us follow our future in peace, free from their rule once and for all.;;;;;;;;;;;;;
EVTDESC600152;With another conflict with the Argentine Confederation ending in a stalemate, the State of Buenos Aires seems to finally have decided that enough has enough and declared formal secession from Argentina. Seeing as we were unable to defeat them once and for all, we have no option but to accept that Buenos Aires is out of our reach and that we are better off learning to live without them as part of the Argentine Confederation.;;;;;;;;;;;;;
stay_away_buenos_aires_title;A Capital for the Confederation;;;;;;;;;;;;;
stay_away_buenos_aires_desc;Until now, Paraná has been the Federal capital of the Argentine Confederation ever since Rosas was deposed and Buenos Aires broke away from us. But now, with the matter of Buenos Aires dealt with, it is finally time we decide on a definitive capital for the Argentine Confederation, lest the savages in Buenos Aires find a way to let their city be our capital once again.;;;;;;;;;;;;;
EVTDESC600153;We can't deny that whichever city takes the place as the official capital of the Confederation has big shoes to fill, especially with how it will have to fight to stay more influential than Buenos Aires, while at the same time not being overbearing on the provinces. One of the options, of course, is to keep the capital in Paraná, which would save on the work of moving our administration anywhere. One popular option is to move the capital to Rosário, which is better suited to be the capital of the nation, or even moving the capital to Tucumán, to appeal to the Interior. On the other hand, some people argue that we would need a newly-built city to serve as the capital to truly eclipse Buenos Aires as our administrative center!;;;;;;;;;;;;;
EVTDESC600154;Having decided to build a new city from the ground up, there are a few options of were to do it. We could build a new city in the La Plata River, bearing the same name—La Plata—or even a city on the Paraná River—Federación. Another option, far from the La Plata River would be a city in the south—Belgrano. And last, but not lest, if we were to stay away from the coast, our final option would somewhere in the interior—the city of Unión.;;;;;;;;;;;;;
ARC_reactionary_0;Partido Federal (Apostólicos);;;;;;;;;;;;;
ARC_conservative_0;Partido Federal (Doctrinarios);;;;;;;;;;;;;
positivist_oligarchy;Positivist Oligarchy;;;;;;;;;;;;;
positivist_oligarchy_desc;Our country is currently ruled by a governmental and intellectual elite of positivist oligarchs that are bent on staying on power by any means necessary—while keeping the guise of a democratic government, of course.;;;;;;;;;;;;;
EVTDESC600155;After the presidencies of Mitre, Sarmiento and Avellaneda, Júlio Argentino Roca—as the 4th President of the Argentine Republic—set the stage for the political climate in Argentina for the next few decades, giving way for the Generation of '80, the governing and intellectual elite that dominated Argentinian politics under the National Autonomist Party for well over 30 years. Under the uncontested rule of the National Autonomist Party, Argentina found itself influenced by the positivist ideas of Comte, with governance being carried with optimism and the idea that the country would grow in every aspect. The period was also marked by the crackdown on provincial autonomy, leading to provicial identities fading away with time and the country becoming more centralized.;;;;;;;;;;;;;
EVTDESC600156;After the fall of the Confederation, Mitre had an easy time subjugating the Interior—apart from Mendoza, most provinces fell without putting up much of a fight. But that didn't mean that Federalism was quite dead in the Interior—far from it. The Revolution of the Colorados was the last Federalist revolt in the Interior, happening right in the middle of the Paraguayan War, with the provinces of Mendoza, San Luis, San Juan and La Rioja falling to the revolt, with it also finding some support in provinces such as Catamarca, Cordoba, Corrientes and Santa Fé. To our luck, Urquiza—the Federalist Leader and Governor of Entre Rios—refrained from showing support to the revolt, despite the plea from the Federalist leaders, else we would risk finding ourselves returning to Federalist rule.;;;;;;;;;;;;;
EVTDESC600157;With Urquiza's silence in face of the Federalist revolt in the Interior, one of his old generals—Ricardo Ramón López Jordán—would turn against him, slowly plotting his revenge. On the 11th of April Jordán would revolt with a botched attempt to arrest Urquiza, which would result in the death of the Federalist leader. After that Jordán would assume as Governor of Entre Rios, but President Sarmiento would see this as an challenge to his authority, prompting him to send a troop of veterans to Entre Rios, expelling Jordan from the province. Jordán would continue to clash with the Unitarian government until his arrest in the 16th of December 1876. He would later escape prision and exile himself in Montevideo, until returning in 1888 after being given amnesty, only to be assassinated in 1889. After the end of his revolt, Federalism would be dead, with its last remaining followers assimilating into Alsina's Autonomist Party.;;;;;;;;;;;;;
generation_80;Generación del '80;;;;;;;;;;;;;
EVTDESC600158;It was a quiet morning in Buenos Aires. Once distant from the city center was Palermo, a vicious swamp which was on San Benito de Palermo was built on, a home fitting for a gentleman—Juan Manuel de Rosas. He slept always ready and close to his horse—in case death were to come to him at night—through its treacherous hands. But no amount of paranoia could save him from time and illness. Death would come to Rosas suddenly. A common cold would be too much for the 83 year old, leading to his death from pneumonia. Now, his son, Juan Bautista de Rosas, is meant to follow on his father's footsteps and guide the Argentine Confederation into the future. Will he follow on his father's footsteps? Or will he finally fold and give freedom to Argentina?;;;;;;;;;;;;;
EVTDESC600160;The Battle of Caseros has brought new life to the Argentine political landscape, the discussions in Santa Fé became a breeding ground for political thought aimed at deciding the future of the Argentine Confederation. Recently, with the writings of Alberdi taking the Constitutient Assembly by storm, the Cuzco Club decided it was time to act before further discussions were made. Representatives from the Cuzco Club have opened today's session in the Constitutient Assembly by proposing a forgotten idea—turning Argentina into a kingdom with an Inca as its monarch. The idea is far from new with it being suggested in the 1816 Council of Tucumán by Belgrano and supported by San Martín, at the time suggesting that a monarchy would find easier recognition by the European monarchs.;;;;;;;;;;;;;
EVTDESC600159;When a constitution was finally implemented, no one thought that Rosas would willingly give his power like that. The Restorer of Laws was always quick to steer politics into his interests, believing himself to be a benevolent dictator to his people. Something seems to really have changed. Rosas has officially stepped down for power as 1st President of the Argentine Confederation, giving way to a new politician who will be sure to be influenced by him to some degree. Regardless, this still dawns a new day for the Argentine Confederation, a day many waited for with for a long time.;;;;;;;;;;;;;
EVTDESC600161;With Rosas gone it seems that many of his old allies feared that Juan wouldn't be as competent or friendly as his father was and such—together with an influx of old Unitarians seeing Rosas' death as the opportunity to return to Buenos Aires—have organized a revolt against Juan in Buenos Aires, expelling the Federal government from the city and forcing us to take action against our own capital.;;;;;;;;;;;;;
EVTDESC600162;We would be lying if we didn't say the news of Rosas' death didn't bring us joy to some degree. Sadly, we now learn that his death brough upon the Confederation a revolt by the Unitarians, leading to the new Federal government having to declare war on the capital in Buenos Aires. While we can't help but feel that is the natural outcome of giving that much power to Buenos Aires, maybe we could make the most of the situation and return to the Confederation, leading it to victory against the Unitarians one last time.;;;;;;;;;;;;;
EVTDESC600163;We would be lying if we didn't say the news of Rosas' death didn't bring us joy to some degree. Better yet, we now learn that his death brough upon the Confederation a revolt by the Unitarians, leading to the new Federal government having to declare war on the capital in Buenos Aires. Maybe we could make the most of the situation and help Buenos Aires overthrow Rosas.;;;;;;;;;;;;;
EVTDESC600164;Our current situation has attracted the attention of $FROMCOUNTRY$, which after breaking off from the Confederation long ago seems to be interested in helping us against the Unitarians, as long as they can rule the Confederation afterwards, it seems.;;;;;;;;;;;;;
EVTDESC600165;Our current situation has attracted the attention of $FROMCOUNTRY$, which after breaking off from the Confederation long ago seems to be interested in reforming the Confederation under their rule, declaring war against Buenos Aires and the rest of Argentina.;;;;;;;;;;;;;
EVTDESC600166;Despite our best intentions, it would seem the $FROMCOUNTRY$ wasn't very interested in letting us running the Confederation, even if it means getting our help.;;;;;;;;;;;;;
EVTDESC600169;Buenos Aires has finally been pacified. We have put to rest the last of Unitarian resistance to our rule and we are finally free to consolidate our rule over Argentina.;;;;;;;;;;;;;
EVTDESC600167;The separation of the Litoral from Argentina was controversial, for sure. But it was a necessary measure against Rosas Totalitarianism. Now, with Rosas gone there is nothing in the way of reunifying our two nations, especially if the democratic advancements from the Litoral are implemented in the rest of the country.;;;;;;;;;;;;;
EVTDESC600168;With the Rosas' triumph against all of Argentina's enemies, Argentina has consolidated its position as an independent South American power. Despite that, now that Rosas is gone, we can't help but examine what did he left behind Will Rosism survive without Rosas? Or it is time that we return to our Federalist ideals now that the Restorer of Laws is gone?;;;;;;;;;;;;;
cuzco_protectorate_title;The South Peruvian Protectorate;;;;;;;;;;;;;
cuzco_protectorate_desc;§RGain 2.5-5 infamy, depending on if you or your puppet own Cusco!§! Despite the shifting economic and political developments since independence, South Peru stills remains connected to Bolivia in one way or another. This connection has long been the a point of contention between Peru and Bolivia, even leading to Santa Cruz's Peru-Bolivian Confederation at one point, but before that, the connection between South Peru and Bolivia—in face of the independence war and concerns over Lima's stability—pushed one of our heroes, San Martín, into considering the possibility of an autonomous South Peruvian protectorate, under Platine—or Chilean—supervision. While the days of our independence war are long over, with our growing dominance over South Andean affair, we could try to use such plans to our advantage and detach South Peru from Lima, strengthening its connections to old Bolivia, allowing us to expand our great state and placate the people of Alto Peru.;;;;;;;;;;;;;
EVTOPTA600170;What do you mean the Foreign Affairs Ministry is calling it "Provincia del Cuzco";;;;;;;;;;;;;
EVTDESC600170;With the creation of our newly-established Protectorate of Cusco, our influence over South Peru is secure. On paper, we are to decide its fate on a later date, but we aren't sure if everyone in our government is very keen on having South Peru rejoining Peru or even becoming its own republic again. Some of the documents directed at the protectorate already refer to Cusco as a province, instead of a protectorate, worrying some in our government which are not interested in incorporating South Peru at all. As of now, while some in our government try to assure its protectorate status, others are sure to slowly plant the idea of South Peru as just another province, so it can be eventually be made an integral part of our nation.;;;;;;;;;;;;;
EVTDESC600171;After "liberating" South Peru, we established a 5-year protectorate to help the region to function independently from Lima and today, that time is finally up. For some, the date comes not a day too early, with some in Cusco having opposed our rule ever since official documents started refering to ther region as "Provincia del Cuzco". Speaking of which, such incidents only became more frequent as time went on, with most documents at this point refering to the region as such. At this point, many think that integration into our nation is only a matter of time or if it hasn't already happened. Still, some fear still fear that South Peru will be freed soon and such, the government of Alto Peru has asked us to transfer some of protectorate's territory, as compensation for our protection and to protect the Alto Peruvian economy.;;;;;;;;;;;;;
jose_de_san_martin;José de San Martín;;;;;;;;;;;;;
jose_de_san_martin_desc;Despite his old age, the return of San Martín was met with joy by most of the Argentine Confederation. The hero has since returned to military service and even if his role is limited due to his advancing age, his mere presence is enough to raise our morale and increase our prestige in the region!;;;;;;;;;;;;;
EVTDESC600172;After the death of his wife, José Francisco de San Martín y Matorras—father of the nation and the hero of Argentine, Chilean and Peruvian independence—sailed out of South America, taking his daughter whom was to study in Europe. Despite that, the man has kept a close eye on Argentine politics, to the point of admiring Rosas for putting an end to the civil war that plagued the country for so long, leading to the two men exchange friendly letters between one another regularly. Today, a special letter came into Rosas' office. With news of the French Blockade of La Plata San Martín has officially offered his services to Rosas and the Argentine Confederation. While we could hardly refuse such an offer, his health has declined significantly ever since the days of the independence war, with his role in our military probably being severy limited if he were to return.;;;;;;;;;;;;;
EVTDESC600173;When San Martín came back to Argentina, he would soon find himself fighting against not only the Anglo-French Blockade, but also the Unitarians acting as their allies on the mainland. With the defeat of the Unitarians, the Blockade was lifted and Argentina stood triumphant against the European powers, much to the delight of San Martin. With the worst of the fighting over and driven blind with age, San Martín resigned from the army once and for all, quietly retiring to Buenos Aires where he would spend his last days, dying shortly after in the company of his daughter and grandchildren. His burial was quick and without much cerimony in Buenos Aires, as per his will. Rosas, on the other hand, arranged for a small ceremony in his honor at the heart of Buenos Aires in which the dictator was given San Martín's saber and read some of San Martín's last words to him, thanking Rosas for defending the honor of republic against foreign powers.;;;;;;;;;;;;;
EVTDESC600174;Belgrano and Artigas, both heroes of the Argentine Confederation, having fought for its freedom against the Spanish Crown and Porteño centralism respectively. None of them, however, were as great as José Francisco de San Martín y Matorras, not even the Father of Federalism—Artigas—or the tragic hero of independence—Belgrano. Having liberated half a continent, his deeds go beyond our borders, with his liberation of Chile and Peru leaving him as one of, if not, the greatest liberator in South America. With the political situation of the Confederation stabilizing after so long we are free to finally ponder about San Martín's role as one of our hero and declare him "Father of the Fatherland", securing his legacy besides Artigas and Belgrano and using his sympathies—and later support—towards federalism to strengthen the founding principles.;;;;;;;;;;;;;
EVTDESC600175;Despite being a hero to Chile and Peru, San Martín remains a controversial figure in Argentina. The Federalists were quick to acclaim him as a national hero, having being favoured by him since the start of the Argentine Civil Wars, despite his commitment to not get involved in our squabbles. Such commitment was what made the Unitarian Party and its political successors ressent him, with his refusal to aid the Supreme Directory against the Federalists. But that changes now, with ex-president Bartolomé Mitre publishing "Historia de San Martín y de la emancipación sudamericana", a (biased) biography of San Martín, leading to his universal acclaim as a South American liberator and creation of several innacuracies to portray San Martín as a Unitarian hero, turning his figure into a convenient to the current Argentine Republic.;;;;;;;;;;;;;
EVTDESC600176;José Francisco de San Martín y Matorras died on the 17th of August 1850, in the small town of Boulogne in northern France. The body of the Father of the Fatherland was to be returned to Argentina and to be burried in Buenos Aires as per his will, but—due to Urquiza's revolt—his return was delayed and later, with Buenos Aires being dominated by Unitarians and seceding from Argentina, the return of his body was delayed indeindefinitely. Now, with the political situation in Argentina finally stabilizing and the position of San Martín as a hero reaffirmed, there are finally favourable conditions for his body is to head back to Argentina once and for all, with his remains being burried in Buenos Aires Metropolitan Cathedral, where he may rest once and for all.;;;;;;;;;;;;;
legacy_of_san_martin_title;The Legacy of San Martín;;;;;;;;;;;;;
legacy_of_san_martin_desc;§RGain 5 infamy§! Argentina has many heros, but they all pale in comparison to San Martín. The legacy of the Father of the Fatherland is felt even beyond our borders, with our hero even being a revered figure in Chile and Peru, besides O'Higgins and Bolívar respectively. Now that we became a stable great power in the Southern Cone, it is only natural we consider how his legacy could be used to influence the other nations on which he is celebrated.;;;;;;;;;;;;;
EVTDESC600177;"My sword has not come to dominate Chile, but to liberate it."Such were the words of San Martín upon his refusal of power in Chile following its liberation. This short sentence has been the thorn on the side of chavunist intelligentsia. With our recent rise to power and stabilization, there are some in our government that wish for us to take the role of hegemon in South America, using the legacy of San Martín to justify incursions into Chile, Peru and even Ecuador, creating a new union between our nations. That would go against everything that San Martín stood for, and that fact isn't lost on us, being a major point by more moderate minds. Some try to say that San Martín would want such a union between the countries he liberated, while others outright say that his wishes hardly matter for our ambitions.;;;;;;;;;;;;;
EVTDESC600178;While San Martín poses no threat to Rosas' regime, his return undoubtedly rallied some people around him, soldiers and intellectuals alike are fascinated by his figure, with the hero being closer to a celebrity than a general these days. But recently, a special group of people rallied around him, "The Cuzco Club", a group of monarchist intellectuals which took special interest in Belgrano's 1816 Inca Monarchy Plan in the Congress of Tucumán, which San Martín and the Federalists supported. While the plan was proposed as to more easily gather support from European powers, with our recent conflicts against the French and the English, some can't help but wonder if a monarchy still wouldn't help us to drive away the hateful eyes of our European adversaries.;;;;;;;;;;;;;
local_economic_upturn;Local Economic Upturn;;;;;;;;;;;;;
EVTDESC600179;With our reintegration of Potosí—whether we annex the rest of Alto Peru or not—the Interior provinces of Argentina have seen a significant economic upturn. These provinces—before our independence—had their economies and trade oriented towards Potosí, with an independent Bolivia posing a significant setback to their economy and severely hurting the Federalist position in the region. Now, we are happy to notice that—with the reintegration of Potosí—the Interior has reoriented their trade back towards Potosí, leading to a significant flourish of the local economies due to old routes being brought back, undoing the economic catastrophe caused by Bolivian independence and attracting settlers to the region.;;;;;;;;;;;;;
EVTDESC600180;Chile has been under our control for a while even before our policy shifted towards persuing a union between our nations. Once we had our trusted men ruling in Santiago, Chile was organized into a group of provinces which enjoy special autonomy, with our rule being mediated through Santiago. Now, with our new ambitions declared, we called for a meeting with the Chilean governors in Maipú to discuss the future of Chile until the union with Peru is formalized. The main question posed by the Chilean governors is if Chile will enjoy of its special autonomy until such a union comes to life, or if Chilean integration will be conducted as soon as possible. Either way, our mission in Chile for the following years is rooting out any remaining resistance to our rule and fostering a sense of brotherhood between our two nations...;;;;;;;;;;;;;
chilean_sister_republic_title;The Sister Republic Across the Andes;;;;;;;;;;;;;
chilean_sister_republic_desc;§RGain 7.5 infamy§! With the failure of the Army of the North, San Martín determined that securing Chilean independence would be pivotal to secure Platine independence in the face of the failures in Alto Peru. Not only he would be proven right, but his plans would come to fruition with the Army of the Andes and the Chilean Declaration of Independence following the Battle of Maipú. While our relations were friendly—with our armies fighting together against the Peru-Bolivian Confederation—disputes would slowly surface over our borders in Patagonia and the Andes, leading to a falling out between our two nations. Our newly announced ambitions served only to further grow the rift between our nations, leaving us no choice but to turn their worse fears into reality and leave clear our intention to force them into our beautiful union.;;;;;;;;;;;;;
EVTDESC600181;Our recent ambitions on Chile recently bore fruit, with Chile coming swiftly under our control. While the Andes may prove a obstacle in the integration of Chile, our main priority now will be to crush the remaining resistance and foster a sense of brotherhood between our nations. While this surely will be a monumental task, there is still the question if we will relegate Chile's running to local governors or if we are to govern it directly across from the Andes.;;;;;;;;;;;;;
EVTDESC600182;With the integration of Alto Perú, we once again have full control over Potosí and its mine. Potosí not only was once the economic center of the region, rivaling Buenos Aires and Lima, but it also was the site of one of the most pretigious coin mints in the Americas—which coined Argentina's first coins. Of course, after our independence, we took our minting operations away from the city, but now that is once again in our hands we have to decided if we are to once again have it as our national mint or if we are to let Potosí fade into the the annals of history.;;;;;;;;;;;;;
national_mint;National Mint;;;;;;;;;;;;;
LPL_claims_Peru_title;Dominate Lima;;;;;;;;;;;;;
LPL_claims_Peru_desc;§RGain 5-15 infamy§! When San Martín liberated Peru, he worried that the Liman elites would impose their will on the rest of the country and, whether this happened or not, we used it to justify our take over of South Peru and—now that South Peru has been dealt with—our next objetive lies in completely dominating Lima and the rest of Peru, with the hopes of preparing it for a future union between our nations.;;;;;;;;;;;;;
EVTDESC600183;As news of our victory spread across the Americas, many of the exiled Unitarians hiding in Chile and Montevideo can finally return to Argentina, leading to the return of many of the Unitarian leaders that were driven into exile by the Federalists victories over Buenos Aires—including the 1st President of Argentina, Bernadino Rivadavia.;;;;;;;;;;;;;
EVTDESC600184;Despite being able to reconquer Buenos Aires by starting a revolt in the countryside, the Interior is far from our support base. Now that we returned to Buenos Aires, it became clear that the Interior is a savage and backwards land, with our newly-appointed governors having a hard time ruling over anything west of Córdoba. If we are to have true control over Argentina, we will have to have put some work into not only integrating the Interior, but subduing any resistance to our rule in the region, lest the "weak" and unruly Interior leads to our downfall once again.;;;;;;;;;;;;;
the_hostile_interior;The Hostile Interior;;;;;;;;;;;;;
subdue_the_interior_title;Subdue the Interior;;;;;;;;;;;;;
subdue_the_interior_desc;To Unitarism, the Interior is a hassle—a savage land of uncivilized natives, unruly gauchos and despotic caudillos. Our control over the Interior is weak, with our appointed governors west of Córdoba having a hard time not being toppled by local rivals and Federalist revolts. While we can keep supressing the Interior, it is clear that having to do so only depletes our resources and leaves us open to being toppled by the Federalists once again. If we are to finally subdue the Savage Interior, we need to not only modernize our administration of the territory, but also reform our military structure so charismatic tyrants can't threaten our governors with the help of militant gauchos anymore.;;;;;;;;;;;;; 
ARG_conservative_0;Partido Unitario (Rivadavistas);;;;;;;;;;;;;
ARG_liberal_0;Partido Unitario (Liberales);;;;;;;;;;;;;
ARG_reactionary_0;Partido Federal;;;;;;;;;;;;;
EVTDESC600185;While the Interior is a natural enemy of our Unitarian ideology, no region is more outrageous than Mesopotamia. Ever since the rise of José Gervasio Artigas anything beyond the Paraná River sat firmly under the Federalist influence and our recent victories haven't changed that. While at first we were able to depose the governors of Entre Rios and Corrientes, both provinces are now under a violent guerrilla campaign carried out by the Federalists with native support. We hope our governors in the region can hold on by themselves, as we aren't in the position to pacify the region ourselves...;;;;;;;;;;;;;
EVTDESC600186;The Unitarian Party was never agaisnt letting Argentina become a democratic republic with free elections, but the dominant stance was that a temporary dictatorship would be necessary as we properly build Argentina as an independent state. While now we have a vocal minority of liberals urging us to liberalize at once, the Rivadavian position of keeping a dictatorship for the time being reigns supreme, seeing as in the months following our return to Buenos Aires it became clear that we still have our fair share of enemies across the country. If we were to liberalize now, we would be showing weakness and handing the country over to those savage Federalists!;;;;;;;;;;;;;
EVTDESC600187;Despite being at odds with most of the country and having a hard time gathering support among the lower classes, the Unitarian regime over Argentina survived. Sadly, the same couldn't be said for the Unitarian Party as a whole. While Unitarian ideals are meant to dominate Argentina, as the old guard of ideological hardliners slowly faded into irrelevancy, Rivadavian Unitarism died, giving way for a new generation of Unitarists, desilusioned with the old ways of the party. Ever since the start of the decade new factions have been rising up in the party and now, without the old guard to keep the party together, the Unitarian Party has officially dissolved giving way to its successor—the Liberal Party.;;;;;;;;;;;;;
invest_south_andes_title;Invest in the Southern Andes;;;;;;;;;;;;;
invest_south_andes_desc;With our recent conquest of Alto Peru, we are met with a challenge. Alto Peru—nowdays known as Bolivia—was always meant to be part of Argentina, but due to the Army of the North's failture to liberate the region, the region would end up becoming its own nation which—much to our dismay—ended up enacting a policy of trying to distance itself from us. While we now control Alto Peru for the first time since our independence, the damage is already done, as we now need to invest in the the local population so that they see that we are kin and meant to fight side-by-side as brothers for $COUNTRY$!;;;;;;;;;;;;;
integrate_south_andes_title;Accept South Andeans;;;;;;;;;;;;;
integrate_south_andes_desc;Ever since the first days of our independence, many had a vision of Alto Peru—also known as Bolivia—being part of our nation. Sadly, now this vision has come into fruition, it became clear the the people of Alto Peru hardly have accepted the fact that they are now a part of our nation. Luckily—with some nice gestures showing our commitment to them—we can reintegrate them and teach their place in our great nation.;;;;;;;;;;;;;
1816_inca_plan_title;Revive 1816 Inca Plan;;;;;;;;;;;;;
1816_inca_plan_desc;§RGain 24.99 infamy§! In 1816, in the wake of Argentinian Independence, Manuel Belgrano proposed that not only La Plata, Chile and Peru should unite under single nation, but also that—to gather recognition from the European powers—such a nation should crown a monarch, an Inca monarch to be more precise. Now that we went through with such plans to crown an Inca King, it is about time that we seize our position as a rising power to declare the need to realize the 1816 Inca Plan and unite most of Hispanic South America under our great monarchy!;;;;;;;;;;;;;
EVTDESC600188;A new trend started spreading among muslims across Russia, with muslim intellectuals promoting the creating of "New Method Schools" in direct opposition to traditionalist schools for the Muslim populations of our nation. With it came the a new class of Muslim reformers, the Jadids, whose ideas quickly spread across the Empire, from its first steps in Crimea to the depths of Central Asia. In general, the Jadid Movement main focus was on reforming the education of Muslims across the Russian Empire—including the education of women—and promoting a modernization Islamic social and cultural life. In general, the Jadidist were held in a higher regard by the Russian population, seeing them as a good alternative to the "extremists" of the Ulama and Islamic Clergy in general.;;;;;;;;;;;;;
EVTDESC600189;Following the proliferation of the Jadid Movement across the Russian Empire, the Young Khivans political movement was formed. While at first the movement restricted itself to cultural and educational endeavours—as did much of the Jadid Movement—it would also slowly promote the liberalization of the Khanate of Khiva, eventually managing to get Isfandiyar Khan to establish a short-lived constitutional monarchy, even if such an arrangement would soon be undone and Khiva would once again become a backwards absolute monarchy before finally dissolving into the Khorezm People's Soviet Republic.;;;;;;;;;;;;; 
EVTDESC600190;Following the proliferation of the Jadid Movement across the Russian Empire, the Young Bukharans society was formed. While at first the movement restricted itself to modernizing Bukhara—as did much of the Jadid Movement—it soon would find itself in the middle of the of the Russian Civil War, siding with the Bolshevik government and becoming the basis for the first government of the Bukharan People's Soviet Republic. Sadly, most of its members would end up purged after 1936.;;;;;;;;;;;;;
force_isfandiyar_khan_title;Force Isfandiyar Khan to publish the Young Khivans Manifesto;;;;;;;;;;;;;
force_isfandiyar_khan_desc;With the recent wave of revolts and revolutionary movements across Central Asia and especially Khiva, the Young Khivans have the perfect opportunity to force Isfandiyar Khan into signing a manifesto establishing a legislative Majlis and put prominent Young Khivan Bobohun Salimov as its chairman. Despite the Khan being bound to accept, as a conservative we know that he won't be happy with the arrangement and will look for a way of undermining the Young Khivans to recover his power.;;;;;;;;;;;;;
EVTDESC600191;Despite being able to get concessions from Isfandiyar Khan, the Young Khivans would instantly see themselves at odds with the Khan, with him being able to exploit his position of ruler of Khiva to hinder the modernization efforts of the Majlis. Now, the khan plans to depose and persecute the members of the Young Khivan movement with the help of the Russian Cossacks. The situation is tense, but there may be a chance for the Young Khivans to put an end to the Khan's tyranny once and for all...;;;;;;;;;;;;;
EVTDESC600192;Being one of our newly-adquired territories, Cusco sits far away from our usual seat of power. Despite that, there recently were talks about maybe moving our administrative capital to the region, as the city once was planned to be the capital of a union between Peru and La Plata. While it would be a costly and cumbersome move, it would also greatly help us manage our new Andine holdings without much problems...;;;;;;;;;;;;;
EVTDESC600193;President Manuel Oribe from Uruguay was deposed by the Colorado Party and fled the country. While he planned on seeking refuge on Buenos Aires at first, Oribe was soon turned away by the unsympathetic Unitarian government, which feared the Blanco leader would end up leading to instability, considering his ideological similiarities with the Argentine Federal Party. Instead, he arrived earlier this morning in the port of Rio de Janeiro, with a few interested observers going out to meet him and hear stories about his experiences. While we don't see Oribe and threat, considering Rivera's tied to the Unitarians in Argentina and revolutionaries from Rio Grande do Sul, maybe having him at our disposal would be useful in the future.;;;;;;;;;;;;;
EVTDESC600194;Despite being able to restore our hold over most of Rio Grande do Sul, the local revolutionaries are still active in the state, carrying out a guerrilla campaign with support from the Uruguyan Colorados. Now, with the defeat of the Liberals in São Paulo and Minas Gerais, the Rio-grandense Revolutionaries intensified their activities, trying to make the most out of the wave of new recruits coming from the failed revolts. While the situation is under control now, with their new allies and Uruguayan support, Rio Grande do Sul could once again become a problem in the future. It may be a good idea to consider dispatching a punitive expedition into Uruguay to rout out the remaining revolutionary resistance.;;;;;;;;;;;;;
EVTDESC600195;When Rivera was removed from the head of the army by Oribe, the revolutionaries in Rio Grande do Sul helped Rivera engage in a military campaign to oust Oribe from power and return to the Uruguayan presidency. Sadly, the war against Brazil hasn't gone as well for the Rio-grandense people, with their struggle being reduced to a guerrilla movement that we were happy to support. Recently, we were informed that Brazil is considering dispatching a punitive expedition against us to quell any Rio-grandense resistance and support we are currently offering them. While we maybe could defuse the situation, with ex-oresident Manuel Oribe residing in Brazil, it is hard to believe that he wouldn't use this opportunity to gather Brazilian support to return to Uruguay. Maybe we reach out for our old contacts in Buenos Aires to support us in this time of need...;;;;;;;;;;;;;
EVTDESC600196;Things seem tense in the other side of the Uruguay River as Brazil has been fighting against revolutionaries in the Rio Grande do Sul Province for what feels like a decade now. Those revolutionaries have long been aided by the Uruguyan president Fructuoso Rivera and that fact has hardly gone past Brazil unnoticed. Rivera has recently came to Buenos Aires, fearing that Brazil will soon dispatch a punitive expedition against him to install Oribe as president and end any support to the Rio-grandense cause. While we would rather let a caudillo like him suffer for the consequences of his actions, not only Rivera's ideology is somewhat allignes to ours but Oribe has lots of connections to the Federal Party, which could cause us problems in the future.;;;;;;;;;;;;;
EVTDESC600197;The Unitarians in Buenos Aires—despite their usual distaste for caudillos—have agreed to help us in the event of a future Brazilian invasion. While their help will be useful, we are also looking into getting help from revolutionaries such as a certain Giuseppe Garibaldi—currently residing in Montevideo with his wife, after losing faith in the Farroupilha cause...;;;;;;;;;;;;;
EVTDESC600198;The Unitarians in Buenos Aires—showing their usual distaste for caudillos—have refused to help us in the event of a future Brazilian invasion, saying that this a grave that Rivera dug himself. While we can't deny that our support to the Farrapos put us in this situation, we would be lying if we said we weren't expecting their backing on this matter. Not all is lost, however, with the exiled Italian Redshirts offering their support under their leader Giuseppe Garibaldi.;;;;;;;;;;;;;
EVTDESC600199;Manuel Oribe—the exiled ex-president of Uruguay currently residing in Rio de Janeiro—hearing of our plans to dispatch a punitive expedition to Uruguay came to us with a proposal. Oribe proposes that we enjoy his support in our campaign against Rivera and the Farrapos, but—in return—he desires to be restored as President of Uruguay. We can't deny that such an offer serves us perfectly, as using the restoration of Oribe as a casus belli, not only would we have legitimacy to wage our war but we also would get support from pretty much half of Uruguay in the form of the Blanco Party and be able to use Oribe's connections to the Argentine Federal Party in our favour as well.;;;;;;;;;;;;;
ENT_prov_gov_conservative;Republic of Entre Rios;;;;;;;;;;;;;
ENT_prov_gov_conservative_ADJ;Entrerriano;;;;;;;;;;;;;
EVTDESC600200;The situation in Mesopotamia has gotten out of control. Last month the Governor of Corrientes was deposed by the Federalist guerrillas and the Governor of Entre Rios was charged with retaking Corrientes. Sadly, the governor's campaign was short-lived, since as soon as he left, the Federalists took Entre Rios capital and soon the governor would be defeat in battle, having to flee towards Buenos Aires. The Federalists have now declared the Republic of Entre Rios, intent on resisting Unitarian rule and establishing a Federalist government.;;;;;;;;;;;;;
EVTDESC600201;Recently we have been losing our grip over the Interior. With the region being far away from our power base and the local garrisons being weak and unruly, slowly our trusted governors were toppled by Federalist caudillos. Now, with the Federalists emboldened by their victories, they have finally organized themselves into the "Federal League of the Interior" — a Federalist confederation of the provinces in the Interior. With our hopes of the situation sorting itself dying out, it is about time we take action against this Federalist abomination before they set their eyes in our direction!;;;;;;;;;;;;;
EVTDESC600202;After a bloody campaign against the Colorado Party and their revolutionary allies in the Uruguayan countryside and a gruesome siege in Montevideo, we finally have defeated Rivera and his lackeys. Now we sit at the peace table having to decide the fate of Uruguay. We are meant to restore Oribe as president and have him as our faithful ally in Uruguay, but, considering we hold all the cards in this situation, it may be wise to sort out some border disputes as well, or even backstab Oribe and restore the Province of Cisplatina.;;;;;;;;;;;;;
EVTDESC600203;Platine dominance was a huge incentive to our invasion of Uruguay, and this fact wasn't lost on the Argentinians. Not only did the Unitarians were allied to the Farroupilha revolutionaries as well, but they also were naturally aligned to the Colorado Party's ideals, leading for them join their fight against us. Now that we decided the fate of Uruguay, the fragile Unitarian regime also waits on our veredict. During the war we enjoyed the support of the Federalist Party, which expects us to put them in charge of Argentina and, while we would be more than happy to do that, we also could guarantee our control over the La Plata Basin by taking over Argentine Mesopotamia, as a payment for our help, of course...;;;;;;;;;;;;;
EVTDESC600204;Despite Brazil's best efforts, we managed to—surprisingly—inflict a series of devastating defeats against Brazil and Oribe. Now, with the Brazilian armies defeated, our enemies have finally agreed to accept our terms for peace. While those terms are yet to be defined, one thing we want for certain is our contested territories and, beyond that, maybe liberating Rio Grande do Sul and Santa Catarina, maybe even uniting our three counties into the Uruguayan Federation...;;;;;;;;;;;;;
EVTDESC600205;Despite Brazil's best efforts, we managed to—surprisingly—inflict a series of devastating defeats against Brazil and Oribe. Now, with the Brazilian armies defeated, our enemies have finally agreed to accept our terms for peace. While those terms are yet to be defined, one thing we want for certain is our contested territories and, beyond that, maybe liberating Rio Grande do Sul and Santa Catarina, maybe even turning Rio Grande do Sul into the Province of San Pedro, keeping Santa Catarina as buffer...;;;;;;;;;;;;;
betray_rivera_title;Unitarian-Colorado Brotherhood;;;;;;;;;;;;;
betray_rivera_desc;§RGain 2.5 infamy§! With the war against Brazil, a certain sense of brotherhood was created between the Unitarian Party and the Colorado Party. Despite both parties having their differences, after the war such differences seem small in comparison to their shared enemies. Not only that, but many Colorados ended up becoming more "Unitarian-minded" during the war. Maybe it would be a good idea to use our connections in the Colorado Party to put forward the union between Uruguay and Argentina. That would mean, of course, betraying Rivera and his republic, but that would be a small price to pay for Platinean Unity...;;;;;;;;;;;;;
EVTDESC600206;In what started as a limited military campaign to support Chile in breaking the Peru-Bolivia Confederation slowly transformed into a successful invasion of Bolivia and South Peru. The Army of the North has completely beaten the Santa Cruz's confederation, occupying key cities such as Charcas, La Paz and the Confederation's constituent capital—Tacna. Despite our initial plans being limiting to just dissolving the Peru-Bolivian Confederation, maybe we could push for reintegration of Bolivia and maybe even control over South Peru, with some diplomatic insistence...;;;;;;;;;;;;;
EVTDESC600207;With the Unitarians unable to defeat the rebellions across the Republic, we have finally seized Buenos Aires and assumed control of the government. Meeting with other Federalists in the country. The Argentine Republic was abolished and replaced by the Federalist-led Argentine Confederation.;;;;;;;;;;;;;
federalists_pacified;Federalists Defeated;;;;;;;;;;;;;
EVTDESC600208;After a terrible campaign against the Federalists, we finally have put an end to any hope of a Federalist come back. Both the Interior and the Mesopotamia—historical Federalist strongholds—are now firmly under our rule. With the Federalist Threat gone, much of the fearmonger carried out by hardliners in the party is gone and we can finally think about establishing a definitive constitution for Argentina...;;;;;;;;;;;;;
kandahar_expedition_title;The Kandahar Expedition;;;;;;;;;;;;;
kandahar_expedition_desc;§RGain 4 infamy§! With our rule over Herat consolidated and Britain out of the way for now, we are finally ready to shift our attention towards our next objective: The Emirate of Kandahar. The rulers of Kandahar, while appearing subservient to the Peacock Throne, having recently supported us in sieging Herat in exchange for the border province of Farah and Sabzevar, enjoys far too much autonomy and free movement to be considered a proper subject of Iran. \nKandahar is not simply a dependency of Iran, but an integral part of our domain and it is time to establish this fact. Let us send a full expedition to Kandahar and demand the total submission of the Emir.;;;;;;;;;;;;;
EVTDESC600209;While nominally a dependency of the Qajar Empire to the west, it seems such empty shows of submission could only stave off the Persians for so long as our de-facto independence from the Peacock Throne has now come under threat. We have received news of an emissary from Tehran arriving in Kandahar demanding a meeting with the Emir. Knowing it would be an urgent matter, we arranged an audience between the emissary and the Emir. Sadly, the only thing the emissary brought with him were threats of war: The Shah has demanded our submission to Tehran or face the same fate as the recently conquered Emirate of Herat. While such a show of arrogance is far from unexpected from the Persians and honour dictates we meet this grave insult on the field of battle, perhaps we could use this opportunity by offering our vassalage to the Shah in exchange for full control over the Emirate of Herat, as was once discussed briefly during the siege of Herat.;;;;;;;;;;;;;
EVTDESC600210;Our emissary has returned from Kandahar with interesting news. The Emir of Kandahar has presented us with a counteroffer—he will submit entirely to us so long as we grant him governorship of Herat, as was briefly discussed during the recent siege of the city. While usually we wouldn't be open to negotiating, the Emir of Kandahar proven a loyal ally. Granting him control over Herat would strengthen a local ally in the region while sparing valuable manpower and resources that could be better spent on other frontiers.;;;;;;;;;;;;;
EVTDESC600211;Our emissary hsa returned from Kandahar with unsurprising news. The Emir of Kandahar has refused to submit to us. Such an act of defiance hardly suprises us coming from such a volatile and savage region, even if it is from an old ally. We have no choice but to carry on with the expedition to Kandahar, lest the World know our words carry no weight.;;;;;;;;;;;;;
EVTDESC600212;The Khozeimeh Emirs of the Qa'inat have proven effective rulers of our eastern frontiers, both developing the harsh but valuable land and fending off Afghan and Turkmen raids. As our border continues to push east into Sistan and the fertile lands along the Helmand river, it would be wise to grant this land to the Emirs of the Qa'inat so that they may bring similar prosperity to the region.;;;;;;;;;;;;;
EVTDESC6002121;The Emirate of Muhammarah has been an effective buffer in the vunerable flatlands of Arabestan, reducing friction with the local Arab population. As our border continues to push west into the marshlands of the Iraqi Delta, it would be wise to grant this land to the Emirs of the Arabestan so that they may bring effective local rule in our stead.;;;;;;;;;;;;;
EVTDESC600213;With our relentless push east into Makran, Herat, and Kandahar complete, we have reaffirmed Qajar control over the traditional Eastern frontiers of Iran. While our ambitions in the East don't end here, beyond Kandahar and Makran sit the imposing Sulaiman and Sefid-kuh Mountain Ranges, lands which, while productive, will prove difficult to fully control. As the dust settles, our new governors slowly settle in their new holdings. To the North, we see to the integration of the Pashtun and Hazara of Afghanistan and to the South, we strive to stake a claim over Kalat and Bela, to secure our dominion over Baluchistan.;;;;;;;;;;;;;
EVTDESC600214;Our emissary returned from Kandahar with welcome news. The Emir of Kandahar has accepted our demand submission, proving his loyalty to our Shah. Considering his past loyalty, we can expect him to not give us nearly as much trouble as the Emir of Herat did...;;;;;;;;;;;;;
is_iran;An Iranian Dynasty;;;;;;;;;;;;;
reaffirm_bahrain_claim_title;Reaffirm our Claims over Bahrain;;;;;;;;;;;;;
reaffirm_bahrain_claim_desc;§RGain 2.5 infamy§! Our claim over the Bahrain Archipelago has always been complicated. With its population being mostly of Shiite-Iranian origin, we have traditionally ruled the area in an indirect manner, through the al-Mazkur Sheikhs of Bushehr. While we still hold a traditional claim to these islands, they haven't been under direct Iranian control since the Zand Dynasty, with Manamah currently ruled by the Sunni Banu Utub dynasty of Nejddi origin who have refused to reconize any kind of rule from Tehran, going as far as getting protection from the British to keep themselves free from our dominion. While we previously managed to strike an agreement with the British for the reincorporation of Bahrain into our state, the vile Europeans went back on their word, refusing to return Bahrain to us. It is about time we reaffirm our claims to Bahrain, with no regard to what the British or any other foreign power thinks about it!;;;;;;;;;;;;;
revoke_knd_autonomy_title;Dissolve The Emirate of Kandahar;;;;;;;;;;;;;
revoke_knd_autonomy_desc;Until recently, Kandahar's position as an autonomous feudal entity has been an acceptable state of affair since their vassalization by Mohammad Shah. Now however, with gradual transformation of Iran from a feudal system to a proper nation state, the time has come to strip the Barakzai Emir in Kandahar of formal power and centralize our rule in the region, even if it may lead to friction with the local Afghans.;;;;;;;;;;;;;
revoke_hrt_autonomy_title;Dissolve The Emirate of Herat;;;;;;;;;;;;;
revoke_hrt_autonomy_desc;Despite being counted amongst the core provinces of Iranian Khorasan in the days of the Safavid Shah Ismail, ever since the collapse of Nader Shah Afshar's Empire and the subsequent rise of ours, Herat has remained an independent thorn in our side despite numerous attempts to retake it. With our most recent attempt at achieving dominance over Herat successful, we are now in a position to assert more direct rule over Herat by deposing the Sadozai Emir and dissolving the Emirate entirely.;;;;;;;;;;;;;
seize_maymana_title;Restore Order to Maymana;;;;;;;;;;;;;
seize_maymana_desc;§RGain 1 infamy§! Less than 300km from Herat lies the city of Maymana, an important center of commerce in the region and our gateway to Turkestan. The city—mostly inhabited by Uzbeks these days—sits at the middle of the Chahar Vilayets, a region inhabited by 4 khanates, Sar-i Pul, Sheberghan, Andkhui and—the most powerful and influential of them all—Maymana. Despite that, the Chahar Vilayets as a whole were far from stable, with the 4 khanates finding themselves at war with each other from time to time, not to mention when foreign powers such as Herat and Kabul having long coveted the region and especially Maymana—reconizing its importance in the region and the potential to control the rest of the khanates through the city. Now that Herat is firmly annexed into our nation, it is about time we bring order to the Chahar Vilayets by invading Maymana, securing our borders in the region and assuring our oversight over the region and its remaining khans!;;;;;;;;;;;;;
end_turkmen_raids_title;Deal with the Turkmen Raids;;;;;;;;;;;;;
end_turkmen_raids_desc;The Turkmen and Uzbek Tribes have long been raiding our our northern territory, pillaging and taking some of our people captive to be sold as slaves. Many of these tribes act on the interests of the Khan of Khiva and the Emir of Bukhara, both of which profit greatly of the influx of slaves and riches captured by these raids. To deal with those troublesome tribals, we will have to first deal with Khiva and Bukhara—to leave the Turkmen and Uzbek tribes helpless against our advances and maybe even being able to end the trading of Iranian slaves in Khiva.;;;;;;;;;;;;; 
EVTDESC600215;Our profiteering from the Turkmen and Uzbek raids against Northern Iran hasn't gone unnoticed in the eyes of the Shah. We have recieved news of the the Iranians have decided to act against us to end our indirect support to the their enemies and our enslavement of their people. We are left no option if not to show the Shah we can't be pushed around.§RIf we lose this war, Iran will force us to end slavery and take control over Kyzyl-Su, Zysyl-Arbat, Merv and Üçajy!§!;;;;;;;;;;;;;
pacify_turkmenistan_title;Pacify Turkmenistan;;;;;;;;;;;;;
pacify_turkmenistan_desc;With we being successful in putting an end to the raids that plagued our northern border, the Turkmen tribes that once relied on these raids have grown weak. If we were to better develop our administration, we could pacify one and for all those weakened tribes before our neighbors to the north can take advantage of them in our place.;;;;;;;;;;;;;
EVTDESC600216;After a series of decisive victories against the Uzbeks we are finally able to reach Khiva, invading the city and ending its status as a major slave market in the region. To guarantee that the city won't ever recover its position as a trade hub for buying and selling slaves we will keep a small garrison in the city, keeping an eye on the city and its traders.;;;;;;;;;;;;;
EVTDESC600217;Herat, Kandahar and Maymara... These three cities were once the center of power for mighty polities in our region, but now all of them have been subjugated under the Shah of Iran, raising the suspicions of the remaining khans of the region. While we always struggled to retain our independence, now it is clear to us that—if the Shah was to turn his eye towards us—we wouldn't be able to resist an invasion from the West. It would be in our best interest to guarantee any semblance of autonomy by asking for the protection of Kabul or Bukhara, with both its emirs having long displayed interest in our lands and would be happy to having us under their overlordship.;;;;;;;;;;;;;
EVTDESC600218;Following the Iranian annexation of Herat, Kandahar and Maymara, the Khan of $FROMCOUNTRY$ came to us promissing us their vassalage as long as we promise to protect them from Iran. Naturally, we wouldn't refuse such an offer, especially considering the Iranians present a threat to us as well.;;;;;;;;;;;;;
invade_balkh_title;Dominate Little Turkestan and Hazarajat;;;;;;;;;;;;;
invade_balkh_desc;§RGain 5 infamy§! The region around Balkh—also known as Little Turkestan—has long been a contested between Iranian and Central Asian powers, with control over it shifting constantly back in the days of the Safavid Dynasty. The region nowdays is mostly contested between the Emirs of Bukhara and Kabul, with both having recently gained a stronger foothold in the region with local khans pledging allegiance to them as a to guarantee some sort of protection against us. While some of our advisors aren't sure about expanding eastwards, the truth is not doing so would be dooming the region to being dominated by either Kabul or Bukhara. Taking over the region—currently inhabited by Uzbeks—would not only deprive our rivals of useful land, but also isolate them from one another so we can take them out one at a time. §RYou need at least 75% civilization progress, the tooltip lies.§W;;;;;;;;;;;;;
control_amu_darya_title;Take Control of the Amu Darya;;;;;;;;;;;;;
control_amu_darya_desc;§RGain 7.5 infamy§! With our successful campaigns in Balkh and Kunduz, fraying the local patchwork Warlords and Khans, we now hold control over the upper Amu Darya, a great river serving as the lifeblood of Central Asia's great settlements, including the city of Khiva. While it seems obvious to move down-stream to assert our control over the river's entire length, exerting control over the lands past the right bank of the river would prove too much for our nation's administration. Instead, we could subjugate the Emirate of Bukhara as a representative of the Shah's dominion over Transoxiana, a once mighty polity with a long and storied history of ruling the region that would help us assert control over the great Silk Road cities of Shahrisabz, Qarshi, Samarkand and Bukhara itself. We have already butted heads with Bukhara once already our success there assures us that they will be no match to our great state! §RYou need at least 80% civilization progress, the tooltip lies.§W;;;;;;;;;;;;;
EVTDESC600219;After a swift campaign against Bukhara, we have successfully subjugated their Emir, deposing him in favour of a more favourable member of his family, which is more than happy to act as the representative of the Shah's dominion over Transoxiana, securing our position on the eastern bank of the Amu Darya. Cisoxiana—the western bank of the Amu Darya—will be held under our direct control for the forseable future, with our annexation of Khiva collapsing the local khanate. The lands beyond the river—around Shimbay—being taken over by the Karakalpaks, with the region being too far for Bukhara to exert control over, with the Karakalpaks being free to enjoy their freedom while we consolidate our rule over our new gains.;;;;;;;;;;;;;
consolidate_transoxiana_title;Consolidate our Dominion over Transoxiana;;;;;;;;;;;;;
consolidate_transoxiana_desc;With our administration modernized and control over Transoxiana and the Emirate of Bukhara pacified, it is about time we finally cross the Amu Darya and end Bukhara's autonomy before they become a problem for us, opening way for us to further influence Central Asia. Also, we will take the opportunity to finally put an end to the pitiful khanate ruled by the Karakalpaks across the river from Khiva!;;;;;;;;;;;;;
EVTDESC600220;When the Second Treaty of Erzurum, there was an expectation by the Ottoman Government and international observers that there would be peace between the Ottoman Empire and the Iran. Now, with our claiming of Ottoman land, it becase clear that not only do we have little regard for peace in the region, but also for the international treaties that we sign, leading to minor condemnations by foreign powers interested in the region.;;;;;;;;;;;;;
EVTDESC600221;The First Treaty of Erzurum signed in 1823 came after the victory of Persia over the Ottoman Empire. Surprisingly, Persia asked only for continuation of being the protector of the Shias in the Ottoman Empire. While at the time no direct territorial demands were made, since then the Persian forces did push westward, claiming all of Iraq and a good portion of Kurdistan, pushing us back into Anatalia. Having been beaten and defeated by Persia again and again, the Persian government came to us with a proposal to meet in the small city of Van to sort out our overlapping claims in Eastern Anatolia. It is clear that they plan on pressuring us to drop all of the claims in their newly-conquered lands. While it would be hard to admit our repeated defeat at the hands of Persia, it is clear that we securing a more permanent peace with the rising Persia would be in our best interest...;;;;;;;;;;;;;
EVTDESC600222;The Turks have accepted the treaty drafted by our diplomats in Van—peace has returned to our borders, and nothing will be able to change that!;;;;;;;;;;;;;
EVTDESC600223;The Turks have refused to sign the treaty drafted by our diplomats in Van—we can no longer be so sure about peace in the region, as they may be just waiting for the opportunity to retake their lost territories.;;;;;;;;;;;;;
van_treaty_title;Propose the Treaty of Van;;;;;;;;;;;;;
van_treaty_desc;With our advances into Mesopotamia and Kurdistan we have promptly usurped the Ottoman position as the overlords Mesopotamia and Eastern Anatolia, leading to our annexation of cities such as Baghdad, Mosul and Erzurum. Now, having defeated the Turks once again, we are in a position to pressure the Turks into signing a treaty to ratify the current border as permanent, to put and end to the hostilities between our nations. Of course, that would imply that we don't want to expand further into ther holdings, but that is a small price to pay for not having the risk of them striking us at our moment of weakness.;;;;;;;;;;;;;
syr_darya_ferghana_line_title;Syr Darya-Ferghana Line;;;;;;;;;;;;;
syr_darya_ferghana_line_desc;§RGain 5 infamy§!Now that we have established our dominion over Transoxiana, it is hard to say that our ambitions in the region are satisfied. Instead, we have to note that, while we managed to secure our hold over Bukhara and Samarkand, those cities are hard to defend, considering how far they are from our holdings in Iran. Counterintuitively, the way to solve this would be to push further into Central Asia, dominating the Sart-dominated Urban centers of Tashkent and Kokand, claiming a line from the Ferghana Valley to the Syr Darya.;;;;;;;;;;;;;
EVTDESC600224;We have finally managed to revoke Muscat's lease over Oman. The arrangement with the Sultan of Muscat was profitable at first, but, with our ongoing instability and the lack of a naval force, the Muscat saw fit to not pay its stipends for the lease of the port—much to the dismay of our coffers, thinking that we could never contest their hold over the seas and that we wouldn't risk being punished for taking the port by force, but it seems that their naval advantage couldn't delay the inevitable forever, with the port finally returning to our hands. While the plan was to—at first—just seize the Sultan's assets in the city, it became dauntlessly obvious to us that Bandar Abbas is still a bigger and more modern port than Bushehr. Maybe it would be a good idea to once again turn Bandar Abbas into our main trading port, letting Bushehr be sidelined in favour of it.;;;;;;;;;;;;;
call_iran_crimea_title;The Kurdistan Offer;;;;;;;;;;;;;
call_iran_crimea_desc;§RGain 5 infamy§! With the Crimean War raging on, it has become clear that the Western powers are plotting to undermine our position on the Concert of Europe! Starved out of our conventional allies in Europe, it becomes clear that to tip the war in our favour we need to resort to an unconventional player: The Qajars of Persia! Were we to offer the Qajars parts of Kurdistan in exchange for their joining our war against the Turks, opening a new front along the rugged Zagros mountain range to the Ottoman's east, distracting the Franco-Turkish armies and securing our victory in the war!;;;;;;;;;;;;;
EVTDESC600225;In the midst of a large war in Europe, the Russians, at war with the Turks, British, and French, have come to us with an enticing offer: We are invited to join their war against the Ottomans, opening a new front on the Turk's eastern flanks and, in exchange, the Russians will award us the territories comprising Kurdistan in the ensuing peace deal. §RDespite Russian promises, if we are unable to defeat the Ottomans before the Russians are victorious, they will not hesitate to only grant us a small piece of the promised reward!§W;;;;;;;;;;;;;
EVTDESC600226;The Persians, in the face of our generous offer, have refused our call to arms, most likely intimidated by the combined might of the Franco-Ottoman army and British navy!  While their betrayal was unexpected, we do not require their assistance in order to achieve victory in this conflict! \nRight?;;;;;;;;;;;;;
EVTDESC600227;The Persians have accepted our offer to join the Crimean War! Declaring war on the Ottomans and their alliance and laying claim to Ottoman Kurdistan in the process! As their armies cross the border into Kurdish territory, it has become clear that the war has escalated far beyond a regional war around Black Sea -for better or for worse...;;;;;;;;;;;;;
EVTDESC600228;Despite our stalled advance on the Kurdish front, our Russian ally have managed to capitalize on the divertion created by our offensive, achieving victory in the war! That is not to say that all is well, though. The Russians have expressed contempt for our lackluster performance in the war, a sentiment shared by the other signatories of the Treaty of Paris, which have refused to grant us the full extent of our claims, severely limiting our gains!;;;;;;;;;;;;;
EVTDESC600229;Our role in the Crimean War has proven decisive! After a hard-fought campaign across the Zagros, we have inflicted devastating blows to the anti-Russian alliance, bleeding their armies out in the Armenian Highlands and securing our victory in the region! Naturally, we have been invited to Paris for the negotiations of the peace treaty. With the Russians pleased with our success and the defeated Europeans unable to raise objections, we have been awarded the entirety of our claims in Ottoman Kurdistan. Victory for the Shahanshah, long may he reign!;;;;;;;;;;;;;
EVTDESC600230;We have been dealt a decisive blow by the Persians... The Iranian front of the Crimean War has been a series of humiliating defeats for us. Now, as per the Treaty of Paris of $YEAR$, we are forced to cede them the totality of their claims in Kurdistan. This has effectively cut us off from our holdings in Mesopotamia, and as such forces us to grant additional autonomy to the area under a reformed Principality of Iraq to retain any semblance of rule in the region...;;;;;;;;;;;;;
EVTDESC600231;With the Ottoman defeat in the Crimean War against the Russians and their Persian ally, the Qajar State has seized control over Ottoman Kurdistan, cutting the Turks off from their holdings in Iraq. They have since decided to place the region under the jurisdiction of "The Principality of Iraq" and, with our existing influence in the Persian Gulf, we can use this opportunity to secure some connections with the new Iraqi ruler to our benefit...;;;;;;;;;;;;;
post_crimea_iraq_title;Orchestrate a coup against the Prince of Iraq;;;;;;;;;;;;;
post_crimea_iraq_desc;§RGain 5 infamy§! We have exercised a great deal of influence in Iraq since the Turkish defeat in the Crimean War, which led to the region entering a period of de-facto independence. With our growing role and interest in Mesopotamian politics, it is clear that, if we are to keep our investments safe from regional interference, we need to exert more direct control over the region. The $COUNTRY_ADJ$ resident in Baghdad has spend the last few months negotiating with the Prince of Iraq for the principality to accept protectorate status under our empire -to no avail. This leaves up no choice but to orchestrate a coup in the Iraqi Principality and ensure Baghdad is to be ruled by someone more willing to cooperate with us...;;;;;;;;;;;;;
treaty_of_paris_persia_title;Enforce the Russian Demands;;;;;;;;;;;;;
treaty_of_paris_persia_desc;§RGain 8 infamy§! With our decisive victory over the Ottomans we have forced the Turks onto the negotiating table and are free to enforce our promised claims in Kurdistan, greatly assisting our Russian allies in the war!;;;;;;;;;;;;;
EVTDESC600232;In the past, we have imposed the treaties of Gulistan and Turkmenchay on the Qajar Dynasty in Iran. These defeats at our hands cemented Iran's position as a playground for our empire, with out government considering Iran to be in our sphere of influence for a long while after the Treaty to Turkmenchay. Sadly, as Iran modernized and rose once again to proeminence, it seems that the Iranians haven't forgotten what we took from them  following their defeat at our hands. Now, Iran, as a great power in the Middle East, turns its attention to revoking the Treaties of Gulistan and Turkmenchay, declaring war on us for the their lands in the Caucasus.;;;;;;;;;;;;;
EVTDESC600233;After a series of victories, we have forced the Russians into the negotiating table, drafting the peace treaty in the Caspian city of Baku. While some of our advisors try to push for a limited peace settlement—restricting the treaty to the return of the lands of the Erivan, Nakhchivan and Talysh Khanates, lost in 1828. Of course, most of our envoys to Baku support the reclaiming of all of our lost territory, including Armenia, Azerbaijan and Eastern Georgia—even if we would need to pressure Russia quite a bit to get our hands on the latter. A mora extreme approach would be to seize all of our claims up to Dagestan, while expelling Russia from the Southern Caucasus by liberating Western Georgia under a new, semi-independent Georgian Kingdom, ruled by one of the Imereti branches of the Bagrotioni Dynasty.;;;;;;;;;;;;;
EVTDESC600234;Unsurprisingly, this little display of defiance from the Persians achieved little besides giving us a reason to remind them of their place beneath us. After a grueling campaign in Iran, we have finally subdued our enemies, forcing them to negotiate with us in Tabriz. As we draft a peace deal, two options emerge—a moderate and a radical one. The moderate option is take a small strip of land along our border and the Caspian coast, letting us connect our Caucasian holds with Turkmenistan through the south. The other, more radical option, relies on us convening with Britain to ensure that Iran knows their place and never again tries to defy an European power. We would seize major swathes of land together with Britain, while keeping Iran as a buffer between our empires—of course...;;;;;;;;;;;;;
EVTDESC600235;We have been keeping a close eye on the war between Russia and Persia for the last few months. We considered sending Persia some support, but we many in our government were unwilling to back Persia in a war that they themselves started. Unsurprisingly, the Russians have occupied Tehran and the Persians have surrended. Soon we would be surprised with a Russian delegation inviting us to negotiate the carving of Persia with them. While we can deny Russia's offer, considering they already annexed most of Northern Persia, it seems that we only stand to gain from annexing some of the Persian territory.;;;;;;;;;;;;;
EVTDESC600236;The Anglos have accepted to sign the Anglo-Russian Convention of $YEAR$ on Persia, carving up Persia between us two. Persia now has been taught to never again mess with us, or face even more humiliation.;;;;;;;;;;;;;
EVTDESC600237;The Anglos have refused to sign the Anglo-Russian Convention on Persia, refusing to take part in our occupation of Iran and ilegitimizing our actions in the process.;;;;;;;;;;;;;
EVTDESC600238;Russia has decided to leave it clear to us that we are nothing more than the playground of foreign empires, calling up Britain to humiliate us further and transform us into a buffer between our their empires...;;;;;;;;;;;;;
EVTDESC600239;Despite sorting out our position in the Caucasus, there is still one matter to be resolved in Baku. Ever since we started to expand into Turkestan we came into contact with the Russian forts and caravans in the region. At first, our interactions in the region were surprisingly amicable, but as time went on we slowly began to clash with the Russians, which played a part in our decision to denounce our treaties with Russia. As of now hold enough negotiating power to solve this matter once and for all, by demanding the total withdraw of Russia from Central Asia, potentially turning the region into the our diplomatic backyard.;;;;;;;;;;;;;
EVTDESC600240;Despite their gains in the Caucasus, the Persian Lion is hardly done humiliating us! On top of withdrawing from their claims in the Caucasus, the Persians have also forced us to leave Central Asia all together, forcing us to leave any of our forts south of Orenburg, essentially securing Central Asia as part of Persia's sphere of influence.;;;;;;;;;;;;;
EVTDESC600241;The Gate of the Alans—known in our language as Dar-i Alan—is a vital chasm right in the middle of the Caucacus Mountains that works as basically a major crossing between both sides of the Caucasus. The "Gate" is part of the Georgian Military Road, a route on which Russian troups went through to cross from the heartlands of Russia into Transcaucasia and was severely improved under Russian ownership of the Causcasus. While the Russian infrastructure on the route is impressive, we have little use for it now that we annexed most of Transcaucasia, with the road slowly became less and less important—turning into just another border crossing for us to guard. As a result—to save ourselves the trouble of maintaining the road and guarding the "Gate of the Alans"—many of our advisors have suggested that we should grant ownership of the road to our Georgian subjects, while keeping Tbilisi for ourselves—of course....;;;;;;;;;;;;;
al_arish_plan_title;The El Arish Plan;;;;;;;;;;;;;
al_arish_plan_desc;His Majesty's government view with favour the establishment in Suez of a national home for the Jewish people, and will use their best endeavours to facilitate the achievement of this object...'Since we exert a significant influence in Sinai, we can issue a declaration expressing our favourable attitude toward the establishment of a national home for the Jewish people there.;;;;;;;;;;;;;
cyprus_plan_title;The Cyprus Plan;;;;;;;;;;;;;
cyprus_plan_desc;His Majesty's government view with favour the establishment in Cyprus of a national home for the Jewish people, and will use their best endeavours to facilitate the achievement of this object...'Since we exert a significant influence in Cyprus, we can issue a declaration expressing our favourable attitude toward the establishment of a national home for the Jewish people there.;;;;;;;;;;;;;
crimea_plan_title;The Crimea Plan;;;;;;;;;;;;;
crimea_plan_desc;His Majesty's government view with favour the establishment in Crimea of a national home for the Jewish people, and will use their best endeavours to facilitate the achievement of this object...'Since we exert a significant influence in Crimea, we can issue a declaration expressing our favourable attitude toward the establishment of a national home for the Jewish people there.;;;;;;;;;;;;;
law_of_return_al_arish_title;Enact the Law of Return;;;;;;;;;;;;;
law_of_return_al_arish_desc;The Law of Return 5710-$YEAR$ was enacted by the $COUNTRY_ADJ$ Upper House in $YEAR$. The Law declares that "Every $COUNTRY_ADJ$ has the right to come to this country as an immigrant from the Diaspora". A budget that encompasses economical and social incentives, among other promises, was established in the new law. All aimed at the potential immigrants, with every possible effort being made to bring the $COUNTRY_ADJ$ people back home.;;;;;;;;;;;;;
law_of_return_cyprus_title;Enact the Law of Return;;;;;;;;;;;;;
law_of_return_cyprus_desc;The Law of Return 5710-$YEAR$ was enacted by the $COUNTRY_ADJ$ Upper House in $YEAR$. The Law declares that "Every $COUNTRY_ADJ$ has the right to come to this country as an immigrant from the Diaspora". A budget that encompasses economical and social incentives, among other promises, was established in the new law. All aimed at the potential immigrants, with every possible effort being made to bring the $COUNTRY_ADJ$ people back home.;;;;;;;;;;;;;
law_of_return_crimea_title;Enact the Law of Return;;;;;;;;;;;;;
law_of_return_crimea_desc;The Law of Return 5710-$YEAR$ was enacted by the $COUNTRY_ADJ$ Upper House in $YEAR$. The Law declares that "Every $COUNTRY_ADJ$ has the right to come to this country as an immigrant from the Diaspora". A budget that encompasses economical and social incentives, among other promises, was established in the new law. All aimed at the potential immigrants, with every possible effort being made to bring the $COUNTRY_ADJ$ people back home.;;;;;;;;;;;;;
sardinia_n_corsica_title;Regnum Sardiniae et Corsicae;;;;;;;;;;;;;
sardinia_n_corsica_desc;§RGain 5 infamy§! The Regnum Sardiniae et Corsicae was established by Pope Boniface VIII, who granted the title to James II of Aragon, turning him into the nominal King of Sardinia and Corsica in 1297. Despite that, James II would only start to conquer Sardinia in 1324 and Aragonese rule over the island would be contested until 1420. Not only that, but Aragon would never manage to encroach in the Island of Corsica, letting the inland remain under Genoese and then French control, despite a brief period of independence. Now, more than 500 years since the kingdom's creation, it is about time time we reclaim ownership over the Kingdom of Sardinia and Corsica and, for the first time, truly unify both islands under our rule.;;;;;;;;;;;;;
EVTDESC800882;We have been forced to expatriate the Bourbons. Sadly, we are now obligated to lead our kin elsewhere, well away from the French lands they once ruled.;;;;;;;;;;;;;
EVTDESC800881;We have been beaten back the French, preventing them for forcefully expatriating the French Bourbons. They will reside in our realm whether they like it or not!;;;;;;;;;;;;;
EVTDESC8000883;After a bit of force, we forced the crown in Spain to back down and exile the French Bourbons from their country. Political security has been secured, and the French Bourbons have been forced to move elsewhere, hopefully somewhere further away from the border.;;;;;;;;;;;;;
EVTDESC8008841;The Crown of Spain has just reaffirmed—through iron and blood—that we can't violate its sovereignty to keep the Bourbon monarchs within their borders, despite our attempts to expatriate them by force. We have little recourse in this matter, save dropping the matter entirely.;;;;;;;;;;;;;
EVTDESC8008842;After failing to expatriate the Charlex X and his descendents from Spain, we would soon found ourselves at war with Spain, leading to our regretable defeat not long after. The Spanish made sure to take a piece of our core territory in the peace deal, a decision that baffled all but the most insane of observers, but soon the reason would become clear. The territory annexed by Spain became, in practive, the a Bourbon fief, with the descendents of Charles X transforming it into a little Bourbon France. Now, this folly of a king has declared independence from Spain and state his desire to retake his rightful throne, marching on our territory. Now we have no choice but to put an end to the Bourbon menace once and for all.;;;;;;;;;;;;;
EVTDESC17456;The idea of moving the nation's capital to Saint Louis isn't a new one. Such an idea has been floating around since the Mexican-American War, with some people seeing the city's central location as perfect for the expanding American nation. After the American Civil War, there were at least three proposed resolutions to move the capital to St. Louis, instead of renovating the expanding District of Columbia. Only the third proposal, by Herbert Paine, as a joke, managed to be put to a vote, where it was defeated by a vote of 77 to 97. After that, the idea was still pushed around by a few minds in the Midwest, but it would ultimately die down not long after.;;;;;;;;;;;;;
realize_william_i_ambitions_title;William I's Ambitions;;;;;;;;;;;;;
realize_william_i_ambitions_desc;§RGain 15 infamy§! While the Congress of Vienna saw us grow with the annexation of the Austrian Netherlands and personal union over Luxemburg, William I had the ambition of getting pretty much most of what is now the Prussian Rhineland, connecting the Netherlands to his hereditary lands in Nassau. His ambitions, however, would be set aside, as Prussia as offered the Rhineland and the Netherlands was left at its current size, despite some resistance from William I. Now, with our position as a great power safe, we can consider if reigniting these old ambitions would be worth, considering that we would not only be upsetting the balance of power established by the Congress of Vienna, but also poking the hornet's nest that is Germany.;;;;;;;;;;;;;
EVTDESC800903;Once a center of German culture and politics, now the streets of Frankfurt are lay haunted by gunfire as the French soldiers quell what little resistance is left to their occupation of the city. The $FROMCOUNTRY_ADJ$ soldiers flood the Bundespalais, looking for the Austrian representative to the German Confederation, soon finding out that he has long made his way back to Austria. With the palace deserted, a $FROMCOUNTRY_ADJ$ officer would read orders coming from the $FROMCOUNTRY_ADJ$ capital ordering the burning of the Palais Thurn und Taxis. Slowly the fire would consume the bulding, spreading to the nearby buldings and leading to vivid flames to take over the Frankfurter skyline. The Burning of the Bundespalais would strike a great blow to the entire German Confederation, and by carrying out such a grievous act $FROMCOUNTRY$ challenges the Concert of Europe drawn by the diplomats at the Congress of Vienna. Now many of the German leaders sit uneasy not knowing what the future holds for the German world now that the fate of the German Confederation is uncertain.;;;;;;;;;;;;;
destroy_thurn_und_taxis_title;Burn the Bundespalais;;;;;;;;;;;;;
destroy_thurn_und_taxis_desc;§RGain 5 infamy§! As the center of German politics, Frankfurt sits as one of the most important cities in the German Confederation, together with Berlin and Vienna. By capturing it we could take over the Palais Palais Thurn und Taxis—The Bundespalais—and strike a huge blow against the German world by burning it to the ground, pressing the German Confederation to come to the negotiation table. Doing so would naturally be seen as an challenge to the European order, but it may be worth it...;;;;;;;;;;;;;
EVTDESC800904;The Bundespalais burns! Our representatives to the Federal Convention luckily made their way out of the city long before the invading troops reached the city, but that hardly means we are safe. The war still wages on and—with the failture of the German Confederation to protect its own capital—the German nationalists are once again gaining popularity, defending the end of the German Confederation and the creating of a German Empire to better find foreign threats and protect the German people.;;;;;;;;;;;;;
EVTDESC800906;Although $COUNTRY$ has tried to control the Italian peninsula dividing it between Savoy-Piedmont, Naples, and the Papal States, the fires of Italian nationalism continue to burn. Many in Paris are of the opinion that a unified Italy is impossible to avoid, and it is best that the Italian state be created peacefully through $COUNTRY_ADJ$ guidance rather through a bloody revolution. Others argued that a unified Italy will quickly grow out of our control. Either way a decision must be reached on what to do with Italy. The question then arises who shall rule the Italy. Should it be Savoyards in the north? Perhaps the House of Savoy rule in Turin will result in a loyal and capable subject? On the other hand, the rulers of Naples were once of French blood, and it could be wise to keep things in the family. There are some who say the crown should go to neither the Savoyards nor the Sicilians, but rather the Holy Father himself in Rome. And of course there are those who think the right course of action is to tighten our grip on Italy.;;;;;;;;;;;;;
EVTDESC800907;With our recent treaties with the Gulf States, we managed to create an informal protectorate currently known as "The Trucial States". We hold a loose hand over the states in the Gulf, but the local $COUNTRY_ADJ$ resident in the region suggest we could deepen our relationship now that the Gulf States are completely under our diplomatic control, pushing for a closer relationship between us and them.;;;;;;;;;;;;;
royaume_westphalie_title;Reclaim the Kingdom of Westphalia;;;;;;;;;;;;;
royaume_westphalie_desc;§RGain 5 infamy§! Sharing little to no territory with Westphalia proper, the (Napoleonic) Kingdom of Westphalia was established by Napoleon after the Peace of Tilsit in 1807, with it being carved from Prussian and to Napoleon's youngest brother, Jérôme Bonaparte. Westphalia was meant to be a model state to the other states of the Confederation of the Rhine and while it succeed at that to some degree, Jérôme's spending practices soon would alienate him towards his older brother. While the Kingdom of Westphalia was soon dissolved with Napoleon's defeat, now that Westphalia exists once again we are free to claim the territories that it had under the rule of Napoleon.;;;;;;;;;;;;;
EVTDESC800905;With the French victory against Prussia in the Rhine Crisis and the rise of German nationalism as the Springtime of Nations rages on, the new Bavarian Minister-President, came to us with the Trias Plan, promoting the idea that we rally Baden and Württemberg to unite into a third major power in Germany, the South German Federation. Seeing as both Austria and Prussia failed to protect the Bundespalais and the Confederation as a whole, it seems like the only reasonable course of action is stepping up to protect our brothers, instead of being subject to the whims of Berlin and Vienna.;;;;;;;;;;;;;
EVTDESC800908;In light of the recent events, Bavaria has invited us to unite with them in a federation of South German states to counterbalance Austro-Prussian influence in the region. With the recent wave of nationalist revolutions and the defeats at the hands of the French, this may be the safest cost of action to take.;;;;;;;;;;;;;
EVTDESC800909;The German Confederation is dead. After the defeat at the hands of the French and the Burning of Frankfurt,the liberal revolutions that swept the country were too much for the system put in place by Metternich. The Prussians have rallied part of the Confederation around them, with the intent of protecting them against further French agression and eventually revenging the loss of the Rhineland and Frankfurt. Meanwhile closer to home, the Bavarians broke off from the Confederation by forming a federated state with Baden and Württemberg, trying to create a new major power in Germany, straying away from both Prussian and Austrian influence. The Confederation is officially dead, with Metternich's meticulous political framework being replaced by revolutionary winds and the wish for petty revenge.;;;;;;;;;;;;;
hanseatic_departments_title;The Legacy of the Hanseatic Departments;;;;;;;;;;;;;
hanseatic_departments_desc;§RGain 5 infamy§! With the Kingdom of Westphalia reclaimed, another artifact of Napoleon's rule calls our attention. The so-called "Hanseatic Departments", a broad classification of the 4 departments created by Napoleon I with his annexation of northeastern Germany, stretching from Münster to Lübeck. While we have no intention to annex these lands well beyond the Rhine, we could use our influence in the region to secure the region once again under a unified protectorate composed of these old territories, securing our hold over the region.;;;;;;;;;;;;;
EVTDESC800910;On the other side of the Carpathian Mountains, the Austria announced their ambitions to unify Germany following their victory over Prussia. Following that, they made an effort to relinquish their hold over their old crownlands, restoring an "independent" principality in Transylvania. While such state falls firmly under Austrian influence—preventing its immediate unification with our nation—we could petition the Austrians to sanction such a union across the Carpathian Mountains, letting us integrate most of Transylvania without bloodshed.;;;;;;;;;;;;;
EVTDESC800911;Following our withdrawal from Transylvania, the Romanians seem to be interested in unifying their lands with the our old principality, having petitioned to have our leaders sanctioning such a union, lest our countries enter into conflict for a land we aren't particularly interested in. Of course, such a union would come with guarantees to the local—especially German—minorities, to safeguard their rights against the newly-established Romanian nation.;;;;;;;;;;;;;
EVTDESC800912;Our delegation to Vienna has been a success! With the Austrians assuring that we have their sanction to unify with Transylvania! While our newly annexed lands won't encompass all of our claims, it is still a victory to our newly-established nation! Of course, there were some stipulations set by the Austrians, such as guarantees to the local minorities in the region, but that is a small price to pay for the territory.;;;;;;;;;;;;;
EVTDESC800913;The Austrians have refused to sanction our unification with Transylvania. We will be sure to remember this moment and bide our time until the territory is ripe for the taking...;;;;;;;;;;;;;
EVTDESC800914;After Hungary's defeat in the 1848 Hungarian Revolution, the Voivodeship of Serbia and Banat of Temeschwar was formed from the provinces of Banat, Baranja and Batschka. The area was inhabited by a mix of Hungarians, Serbians and—more importantly—Danube Swabians, leading to a significant German population in the area. Upon the independence of our non-German lands we established an independent government in Banat, much to the distaste of the Hungarians. Now, with our unification of the German states, the Hungarians seem to think we are not interested in maintaining the Free State of Banat's independence, petitioning us to let it be once again annexed by Hungary. Obviously, this has been met with opposition by the Germans of Banats, which instead ask that we rebuke any Hungarian ambitions in the region.;;;;;;;;;;;;;
restore_kingdom_of_hungary_title;Restore Hungarian Claims;;;;;;;;;;;;;
restore_kingdom_of_hungary_desc;The Kingdom of Hungary was a huge state spanning from the border of the Holy Roman Empire to the Carpathians. Sadly, in our last years under Habsburg rule our Kingdom was stripped of its historical claims. Now that we are fully independent and free from Habsburg influence it is finally time we restore our old claims.;;;;;;;;;;;;;
EVTDESC800915;Following some recent victories in the Eastern Front, the old Taurida Governate of the Russian Empire came under our control. While the region is mostly inhabited by Russians, Ukranians and Tatars, there is a small population of Crimean Germans in the regions and a history of Gothic settlement in the region that led some of our advisors to urge us reconsider our position in the region. What most of our advisors agree on is that we are to prop a Tatar government in the region, which would undoubtedly endear us to the Turk and Muslim population which favour them. To go further than that, others suggest we further take control over the Port of Sevastopol or even that we exercise heavy oversight over the new government, turning it into a de facto colonial government.;;;;;;;;;;;;;
EVTDESC800916;When we pushed to create a unified Scandinavia, we believed it would be always under our supervision, but recently we are starting to doubt that. Despite stil being loyal to us and acting on German interests, Scandinavia is slowly becoming more and more proeminent in the world stage, worrying us that they will eventually break free from us and become a great power on their own. While they would undoubtedly be hostile towards Russia, the Danish claims on Schleswig would be an excuse for them to turn on us as well, that is why our advisors have suggested we "defang" the Lion of the North by separating Denmark from it, assuring they can't use its claims against us and leaving a buffer between us and this possible new great power.;;;;;;;;;;;;;
EVTDESC800917;The Russian Withdrawal from the Caucasus was a turbulent one. The Russian officials fleed hastly from the country, with some Cossacks and sympathetic Georgians, Armenians and Ossetians putting some resistance, but that has since been taken care of. Now, with the Southern Caucasus united under $COUNTRY$$, our uneasy federation has to face the question of who will lead it. Of course, such decision is bound to anger whichever major ethnicity isn't chosen to lead or nation.;;;;;;;;;;;;;
cossack_union_title;Unite Southern Cossack Hosts;;;;;;;;;;;;;
cossack_union_desc;§RGain 7.5 infamy§! While we unite most of the Cossack groups in the region—namely the Azov, Black Sea, Don and Kuban Hosts—we are yet to unite all of them, with the Astrakhan and Terek Cossacks yet to be liberated from foreign rule. We could use our newfound freedom to proclaim our ambitions to unite with our Cossack brethen!;;;;;;;;;;;;;
lacking_writing_system;Lacks Writing System;;;;;;;;;;;;;
lombardy_venetia_title;Reunite Lombardy and Venetia;;;;;;;;;;;;;
lombardy_venetia_desc;§RGain 5 infamy§! Despite being our traditional enemies, we have found ourselves in a brief union with Venice under the Austrian Empire, in the form of the Kingdom of Lombardy-Venice. While the kingdom became defunct with the Austrian loss of Milan, we are now our own nation and reclaiming the union between Lombardy and Venice could not only help us secure you position in the world stage but also signal that we are willing to put old rivalries aside for Italy's future.;;;;;;;;;;;;;
EVTDESC800918;With our hegemony over Italy secured, our new allies in Lombardy have petitioned us to back their claim to Venice. Both Milan and Venice where united under the Kingdom of Lombardy-Venice within the Austrian Empire. Sadly, we couldn't secure hold over both Venice and Milan, meaning the kingdom was effectively thorn apart. Now, the warhawks in Milan ask us to placate their nationalistic sentiments with military action against Austria for the liberation of Venice.;;;;;;;;;;;;;
LOM_absolute_empire;Lombardy-Venice;;;;;;;;;;;;;
LOM_semi_constitutional_empire;Lombardy-Venice;;;;;;;;;;;;;
LOM_constitutional_empire;Lombardy-Venice;;;;;;;;;;;;;
EVTDESC800919;The Shogunate exercised direct control over the domain of the Matsumae clans from 1799 to 1821. Despite their position being pivotal for the defense of Japan against foreign powers, the Matsumae Clan has long been seen with a certain degree of distrust, with many shady dealings with the local Ainu and constantly getting in trouble with local merchants. Now we once again move to exert direct control over their domains, with the Matsumae Clan being given a high position in the position of Roju and being moved to Edo for the time being.;;;;;;;;;;;;;
EVTDESC800920;Takahiro Matsumae—the new Lord of the Matsumae Clan—has finally come of age! The Matsumae have been relegated to a significant council position in Edo ever since we took over their domain in 1834. With his coming of age, the Shogun has once again granted the Matsumae Clan control over their domains in Ezo, tasking the young lord to build a new castle in the island.;;;;;;;;;;;;;
EVTDESC800921;Despite the Matsumae Clan financial troubles, the clan managed to—with the help of some smart budgeting and popular funding—build the new Fukuyama Castle in the south of Ezo. Sadly, with the opening of our ports to foreigners, we have to once again take control over most of the Matsumae Clan's domains, with Takahiro Matsumae being relegated to being a magistrate of the Shogun for the forseeable future.;;;;;;;;;;;;;
EVTDESC600242;Our takeover of Kabul was a bloody one, with the old Emir of Kabul fleeing west as we took his precious fortress. Sadly, our control over Pashtunistan was never solid enough, with the mountains beyond Kandahar being a lawless frontier were savage tribesmen always made sure to disrupt our rule. As we prepare ourselves to consolidate our rule over the Balkh region, we got news that the Emir of Kabul has returned, taking over the city with minimal losses, with most of the tribesmen in the region swearing allegiance to him. We are not surprised to now that he had the support of the British, which immediately proclaimed that the Emir of Kabul was under their protection.;;;;;;;;;;;;;
EVTDESC600243;Despite our best efforts, the Persians are encroaching in our position more and more by the day. Now they their eyes loom over Balkh and Kunduz to the north of Kabul, but it is clear that—after Kunduz is subjulgated—Kabul is their final target. If we don't do something, we are bound to be another victim of Persian ambitions. We could try to fend them by ourselves—at a great cost—or accept that we may need to rely on Britain to assure our continued existence...;;;;;;;;;;;;;
EVTDESC600244;The Emir of Kabul sent us an envoy asking for us to guarantee their security in face of the recent Persian agressions towards Kunduz. The Emir knows how dangerous it would be to let Kabul fall on the hands of Persia and is willing to let us act as we see fit to guarantee his domain isn't annexed by Persia, but we could always ask something more out of him. Our first option to deal with the situation is to send one of our officers to the region to try and arbitrate a settlement between the Emir of Kabul and Persia and, with some luck, guarantee that the Persians won't threaten India...;;;;;;;;;;;;;
EVTDESC600245;The British, while more than open to protecting us from Persia, state that their protection has a cost. They ask for us to relinquish our claims on Zacchi and Peshawar in exchange for their protection. While it is hard to part ways with some of our flattest lands, we have little choice, lest we face the Persian Lion by ourselves...;;;;;;;;;;;;;
EVTDESC600246;Kabul has refused to accept to relinquish their claims over Zacchi and Peshawar. It seems they choose to see how long they will last against the Persian Lion...;;;;;;;;;;;;;
EVTDESC600247;Kabul accepted our conditions, forfeiting any claims to Zacchi and Peshawar. We are now ready to present an ultimatum to Persia, offering to arbitrate on the border between them and Kabul, securing Kabul's independence. In any case, Kabul shall rest under our protection from now on...;;;;;;;;;;;;;
EVTDESC600248;We are informed that Kabul there were some talks with between the Emir of Kabul and Britain to try and secure Kabul's independence against us. Luckily, it seems that such attempts weren't fruitful, with Kabul and Britain severing ties and leaving Kabul open for our conquest!;;;;;;;;;;;;;
EVTDESC600249;The British have come foward in the defense of Kabul, proposing to host an arbitration and draw a border between us the Emirate of Kabul. It is clear that such proposition came from a position of fear, with the British wanting to protect Kabul from any of our incursions, lest the gate to their Indian holdings lay wide-open. While we would spare no thought refusing, the lands around Kabul would be really hard to control and bear us little economic or military gain. Maybe it is for the best that we appear reasonable by submiting to the British arbitration...;;;;;;;;;;;;;
EVTDESC600250;The $FROMCOUNTRY_ADJ$ have refused our arbitration. We have no choice but to prepare ourselves for new confrotations with them in the future, lest we risk having them disrupting our holdings in India...;;;;;;;;;;;;;
EVTDESC600251;Having the Persians accepted to submit to a possible arbitration, we now are left to decide what will be the exact borders in the region. One thing we want for sure is the creation of a small buffer between Afghanistan and Persia. But further than that, the question lies on the Balkh region, on wether we should hand it to Persia, to Afghanistan or divide it between the two nations. One way or another, while Kabul isn't in a position to refuse our ruling, we have to keep in mind that the Persians can very well refuse to rafity whatever border we draw...;;;;;;;;;;;;;
EVTDESC600252;While we knew that Britain would try to curb our expansion, we wouldn't think they would be as outrageous as to award all of Balkh to Kabul, completely preventing our expansion further east, even determining that Kabul should be the overlord of a semi-independent Hazara state.;;;;;;;;;;;;;
EVTDESC600253;While it is outrageous one way or another to have Britain still drawing our borders for us, we can't say that we are particularly insulted by the the compromise they presented. We are to rule over a semi-independent Hazara state, with Balkh being divided between us and Kabul, with anything East of Kunduz belonging to Kabul. This arrangement—while not perfect—still gives us a good position in the region, letting us expand into Central Asia once we establish control over Kunduz...;;;;;;;;;;;;;
EVTDESC600254;While we were, at first, insulted by Britain dictating our borders, the results of their arbitration aren't that bad. While they demand we establish a semi-independent buffer in Hazarajat, the British have granted us full control over Balkh—as long as we don't expand into Kabul, of course...;;;;;;;;;;;;;
EVTDESC600255;Persia has accepted our authority and conceded to our arbitration! We can now rest easy with the guarantee that the Persians won't lay claim to Kabul for the time being!;;;;;;;;;;;;;
EVTDESC600256;Britain has successfully arbitrated our border with Persia, ensuring that Persia won't claim Kabul for themselves. While Britain considers us in their debt now, we know that they are as much of a threat to our independence as Persia was. We will watch out for any future attempts to curtail our independence...;;;;;;;;;;;;;
greater_circassia_title;Reclaim the Legacy of Inal the Great;;;;;;;;;;;;;
greater_circassia_desc;§RGain 2.5 infamy§! Ever since the construction of the fortress of Mozdok in 1764, the Russian Empire began to threaten the independence of the Circassian tribes, provoking our resistance in what became known as the Russo-Circassian War. With the fall of the Grand Principality of Kabardia recently, the only remaining independent polity in the region became our proud confederation, with the Russian Empire having pushed as far as the Kuban river. Despite this dire position, we once were united under a great leader—Inal the Great—being known as the Grand Principality of Circassia. If we were able to push back the Russians and assert our independence, the world would have no choice but to recognize our claims to our ancient lands and our status in the world stage.;;;;;;;;;;;;;
kabul_resident_title;Entrench our Resident in Kabul;;;;;;;;;;;;;
kabul_resident_desc;§RGain 5 infamy§! Our Resident Minister in Kabul has done wonders to our diplomatic position in Kabul. While the Emirs of Kabul have long been lukewarm towards our diplomacy, it seems that—with our guarantees against the Persian threat—the Emir has grown to see our Empire as a guarantor of their independence, even if we grow to exercise more and more oversight in his rule. At this point, our influence has grown so much as to allow our resident in Kabul to petition us to officialize the protectore of status of Kabul, suggesting that the Emir would be willing to wave some of his sovereignty away in exchange for the title of Emir of Afghanistan.;;;;;;;;;;;;;
kabul_bypass;Britain abandoned Kabul;;;;;;;;;;;;;
invade_pashtunistan_title;End the Emirate of Kabul;;;;;;;;;;;;;
invade_pashtunistan_desc;§RGain 10 infamy§! Ever since the fall of the Durani Empire, the Emirate of Kabul—under the Barakzai Dynasty—grew to be a great player in the region, slowly conquering territory and becoming our main rival as we consolidated our eastern holdings. Things would only get worse with the British involvement, with Britain seeing Kabul as the last line of defense against us and the threat we represent to their Indian holdings. It is clear to us that not only we will never truly be the hegemons of the region while the Barakzai Emirs continue to exert influence over Kabul and its surroundings, but we will never be able to truly root out the Barakzai Dynasty out of the region until Britain isn't hiding them in their Indian holdings, forever interested in maintaining the Emir of Kabul alive to undermine our rule in the region. §RWe won't ever be able to integrate Kabul unless Britain is expelled from India or they leave the Barakzai Dynasty to their own devices.§!;;;;;;;;;;;;;
EVTDESC600257;While the British demanded that Hazarajat was established as a buffer between us and Kabul, day-by-day it remains clear that this arrangement hardly is suited by the reality of the region. While the Hazara have been a traditionally isolated group, with their nominal vassalage to us, they have been, little by little, integrating themselves more and more into our society, refusing any notion of being a semi-independent buffer, but instead, embrancing being another province of our mighty domain.;;;;;;;;;;;;;
DAG_prov_gov_conservative;Caucasus Imamate;;;;;;;;;;;;;
EVTDESC800922;Imam Ghazi Muhammad was once just a teacher, growing to popularity, promoting the sharia law in the region and proposing passive resistance to the Russians in the region. But, by late 1829 the renewed Russian expansion in the region made him change his instance, with the creation of a military-theocratic state—the Caucasian Imamate. His rule had a series of successes and drawbacks, with him eventually being forced to retreat to his hometown and base of power, the town of Gimry. As the Russian punitive expedition followed him into the region, having a hard time approaching the Imam's hiding place—a fortified home where Ghazi Muhammad and other 13 other defenders made a last defense against the Russian troops. Knowing they wouldn't be able to defend the building for long, the Imam jumped out of the home with a sword, with other defenders following him. Only two defenders were able to survive the onslaught, being able to flee from the Russian forces. With Ghazi Muhammad dead—despite a brief power struggle—Hamzat Bek was elected as the new Imam.;;;;;;;;;;;;;
EVTDESC800923;Imam Hamzat Bek's rule was different than that of his predecessor. Focusing on consolidating the Imamate and the Sharia in the region. Sadly, that wouldn't mean his rule would last. One of his campaigns against the Khanums of Khuzakh would end up in a bloody massacre, leading to a blood feud with the remaining relatives of the Avar ruling family. Imam Hamzat Bek would be assassinated by Hajji Uthman and Hajji Murad, with Uthman being killed by the Imam's guards.;;;;;;;;;;;;;
EVTDESC800924;Following the assassination of Hazmat Bek, another election would be held to decide the new Imam, with one of the survivors of the Battle of Gimry—Shamil—being elected, soon being responsible for rekindling the conflicts against the Russians. Enjoying considerable popularity in the Imamate and having narrowly lost to Hamzat Bek in the previous election, Shamil was many scholar's first pick for the new Imam of Dagestan. Despite that, Shamil still faced fierce opposition from Tashaw-Hadji who—upon losing to Shamil by one vote—would retire to Chechnya, where he would becoming Imam, dividing the Imamate in two, refusing to recognize Shamil's authority, despite being willing to join ally with him against Russian incursions.;;;;;;;;;;;;;
meet_chechen_learders_title;Meet Chechen Leaders;;;;;;;;;;;;;
meet_chechen_learders_desc;Despite being under the grasp of Gazhi Muhammad and Hamzat Bek, the Chechens broke off from the Dagestani Imamate with the election of Imam Shamil, with his opponent becoming in the election the Imam of Chechnya, refusing to recognize Shamil's Authority. With the developments in the conflict against Russia, it is clear that we have no choice but to secure the Chechen-Dagestani trade routes and unite the two Imamates. With this in mind, Imam Shamil has sent a letter to the most proeminent Chechen leader besides Tashaw-Hadji, proposing a meeting with the many Chechen leaders, with the intention of being elected by them as the Imam of Chechnya.;;;;;;;;;;;;;
EVTDESC800925;As Russia prepares to disarm the Chechens and turn us into serfs, Imam Shamil of Dagestan is trying to convince our greatest military leader—Isa of Ghendargen—to support him as the sole military and spiritual leader of both Dagestan and Chechnya. After much deliberation, the Chechen leaders held a meeting in Urus-Martan to consider Shamil's offer.;;;;;;;;;;;;;
EVTDESC800926;The Chechens have accepted our offer, investing Imam Shamil as the sole military and spiritual leader of Chechnya, once again unifying us in our struggle against Russia!;;;;;;;;;;;;;
EVTDESC800927;Being unwilling to bow to Shamil the council of $FROMCOUNTRY_ADJ$ military leaders ultimately decided to reject Shamil's offer, prefering to fare alone against the might of Russia!;;;;;;;;;;;;;
EVTDESC800928;Amidst our current conflict with Russia, the leadership of the Chechens is divided between a plethora of military leaders—the strongest of which is Isa of Ghendargen—and the Imam of Chechnya—Tashaw-Hadji. While the Chechens can have different spiritual and military leaders, we have to decide who is ultimately in charge.;;;;;;;;;;;;;
EVTDESC800929;As our conflicts with Russia intensify, the Russian Emperor Nicholas I came to the Caucasus for a visit. While we don't plan on attacking the Tsar directly, it seems that the military forces in the region were ordered to extend the olive branch for Shamil and his men. Today, Shamil and his men met with a small Russian force led by general Kluki von Klugenau. The two leaders would sit try to negotiate, as von Klugenau would try to convince Shamil to lay down his weapons and come with him for an audience with the Emperor with a plea for pardon. This request hardly should be taken into considering, seeing that Shamil would be surrendering Dagestan to Russian hands if he were to accept.;;;;;;;;;;;;;
EVTDESC800930;Following our conquest of the Caucasus—which is still ongoing—Emperor Nicholas I scheduled a visit to the region, being accompanied by a military delegation and visiting key cities in the region. The Russian command—led by General Kluki von Klugenau—was ordered to attempt to negotiate with Imam Shamil, the so-called Imam of Dagestan, which is in open conflict with our empire since his ascension to power in 1834. Surprisingly, it seems that von Klugenau's mission was a success, with the general bringing Shamil to the Emperor, on the occasion Shamil would plead for a pardon, which the Emperor would concede. Shamil would be sent to St. Petersburg, having essentially handed Dagestan to us.;;;;;;;;;;;;;
reclaim_kalmykia_title;Avenge the Torghut Migration;;;;;;;;;;;;;
reclaim_kalmykia_desc;§RGain 5 infamy§! Despite willingly joining the Russian Empire upon our arrival in the region, the Russians did nothing but spit on our loyalty and force a great portion of our people to flee back to our homeland with the other Oirat tribes. We have long been an asset to the Russian army, our men bled and died for the Russian Tsars, only for them to encroach in our territory and limit our autonomy. Eventually, our previous khans were forced to organize a migration back to our homeland, with the Russians trying to stop our return to Dzungaria, turning the migration into a costly endeavour. Now, while we are just a shadow of an once mighty khanate, if we want to restore our status a regional player we must declare our intentions to avenge the Torghut Migration, and retake the territories that the Russian Tsars unlawfully took from us!;;;;;;;;;;;;;;
reform_cir_confederation_title;Reform the Circassian Confederation;;;;;;;;;;;;;
reform_cir_confederation_desc;On the wake of the Russian threat and the fall of Eastern Circassia—also known as Kabardia—the tribes of Western Circassia were forced to form a firm confederation, with manjis from 12 tribes voting on a president to lead the defense against the Russian Empire. We came a long way from the days of scrambling to muster a cohesive defense against the Russians, but after almost a century of conflict, we have not only driven the Russians from our ancient territories but also managed to modernize our state and diplomacy, finally being recognized as a proper nation by the great powers of powers. It is finally time we leave our confederation behind and decide what kind of country we want Circassia to be in the forseeable future.;;;;;;;;;;;;;
EVTDESC800931;Molded by its struggles against the Russian Empire, Circassia is now unrecognizeable from its state at the turn of the century. Once a confederation of loose tribes, we have properly reformed into a sturdy federation, ready to chart history as its own nation, having asserted its independence from Russia. Now, all that is left is for us to decide how this new federation will present itself.;;;;;;;;;;;;;
rotting_militarism;Rotting Militarism;;;;;;;;;;;;;
rotting_militarism_desc;Following its independence, Haiti grew into a highly militarized society, driven by the fear of another French invasion on the island to try to put an end to the freedom that the Haitians fought so hard to obtain. Since then, the military has dominated the government and local administration, following a rhetoric of military readiness, turning Hispaniola into a massive military camp and putting a huge hole in our coffers as we try to guarantee our control over the entire island. Sadly, this hardly means that our military is tremendously impressive. Instead, with the generation of veterans from the independence war quickly fading into the old age, the economic isolation face by our state and the fragmentation of the military into regional factions, our militarized society is slowly rotting and cannibalizing itself, not only leading to instability but also draining our military resources.;;;;;;;;;;;;;
EVTDESC600258;Surrounded and out-maneuvered, following an encounter at Paucarpata with an army under the command of Santa Cruz, Admiral Blanco Encalada was forced to surrender to our enemies and sign the Treaty of Paucarpata, which agreed to the devolution of all captured ships by Chile, the restoration of commercial relations between the Confederation and Chile  and the withdrawal of all Chilean troops from Confederate territories, with the only upside of the treaty being the payment by the Confederacy of the former Peruvian foreign debts with Chile. Such an embarrassing defeat has lead to public outrage in face of the treaty, pressuring us to repudiate it and resume hostilities against the Peru-Bolivian Confederation.;;;;;;;;;;;;;
EVTDESC600259;Surrounded and out-maneuvered, following an encounter at Paucarpata with our armies, Chilean Admiral Blanco Encalada was forced to surrender and sign the Treaty of Paucarpata, which agreed to the devolution of all captured ships by Chile, the restoration of commercial relations between the Confederation and Chile and the withdrawal of all Chilean troops from Confederate territories, at the small cost of paying for the former Peruvian foreign debts with Chile. Today, the Chilean government has begrudgingly ratified the treaty, assuring the ending of hostilities with Chile for the time being.;;;;;;;;;;;;;
curtail_rotting_militarism_title;Curtail Rotting Militarism;;;;;;;;;;;;;
curtail_rotting_militarism_desc;To secure the stability of our nation we have to curtail the rampant militarism in our society and reform our rotting military structure.;;;;;;;;;;;;;
EVTDESC600260;Our ambassador in Haiti—Auguste Levasseur—was approached by a group of francophilic revolutionaries seeking the independence of the eastern portion of the island of Hispaniola—inhabited mostly by Spanish speakers. They petitioned Levasseur for French support in their future war for independence against Haiti in the form of weapons and money, on top of a few French officials to support the revolting army. In exchange, these revolutionaries have offered a possible protectorate over their nation once Haiti was defeated. While we doubt that we would to gain control of this future nation that easily, it is still a good chance for us to expand our influence in the Caribbean.;;;;;;;;;;;;;
DOM_liberal;Duartistas;Duartistas;Duartistas;;Duartistas;;;;;;;;;
DOM_conservative_0;Santanistas;Santanistas;Santanistas;;Santanistas;;;;;;;;;
DOM_liberal_0;Liberales;;;;;;;;;;;;;
EVTDESC600261;With the seizure of Fortress Puerta del Conde, the Dominican revolutionaries formed a provisional administrative council to jointly rule over the newly-born republic, with afrancesado Tomás Bobadilla y Briones being elected as president of the Dominican Republic. While the conservative afrancesados hold a greater degree of social influence than the liberal trinitarios—after significant victories against the Haitians—their prospects of handing over our hard-fought independence at the hands of France grow more and more outrageous, with the founder of La Trinitaria—Juan Pablo Duarte—coming foward with a coup against the government of Bobadilla, leaving Francisco del Rosario Sánchez in charge.;;;;;;;;;;;;;
EVTDESC600262;With the seizure of Fortress Puerta del Conde, the Dominican revolutionaries formed a provisional administrative council to jointly rule over the newly-born republic, with our ally Tomás Bobadilla y Briones being elected as president of the Dominican Republic. Bobadilla's government was sure to reassure us that the Dominican Republic would fall under a French protectorate, even if the terms of said protectore became less and less favourable to us as the Dominicans struck their victories against the Haitians. Now, sadly, we are informed that, as our warship was absent from the region, the Dominican liberals have couped Bobadilla's government, intent on preventing the French protectorate over the Dominican Republic. While a great deal of leverage over the newly-born republic was lost, we still have ships and officers and the region that could use to salvage the situation and get the Afrancesados back in power and resume the process of establishing a protectorate over the young republic.;;;;;;;;;;;;;
EVTDESC600263;Despite the coup carried out by the Trinitarios, the government under Francisco del Rosario Sánchez wouldn't last long. The Trinitarios would be met by insubordination by the Dominican people, with the charismatic Major General Pedro Santana Familias rising as popular figure among soldiers and the general population. This morning, Santana held a speech declaring his desire to abstain from public life. The speech—however—would have the opposite effect, rallying the people around him and leading to his investment as dictator. Luckily, Santana would renounce his dictatorial powers the next day, but he still would keep his position as head of President of the provisional administrative council, soon calling for the formation of a constitutional assembly.;;;;;;;;;;;;;
EVTDESC600264;Following disagreements between Juan Pablo Duarte and Pedro Santana Familias, President Santana has ordered the arrest and exile of Duarte and most of his closest allies, under accusations of being too pro-Colombian to be trusted and unworthy of calling himself "The Liberator of the Dominicans". With Duarte now exiled to Caracas, we can only hope that disloyal traitors to the nation such as him and his allies won't get in the way of our independence anymore.;;;;;;;;;;;;;
EVTDESC600265;We were just informed that Juan Pablo Duarte—who previously petitioned for our support for Dominican independence—has returned to Caracas once again. Despite being recieved by our officials as if he was an old friend, the reason for his return hardly pleases us. Duarte has informed us that him and his supporters have been exiled from the Dominican Republic by its new president—Pedro Santana Familias—being accused of being a Colombian agent and a traitor to the nation, making it clear that our position in the young republic has been compromised. While we could just grant Duarte asylum and let the Dominicans charter their own course, we could also dispatch an expedition to restore Duarte and his supporters. While an intervention would guarantee our control over Santo Domingo, it also would assure significant resistance to our rule, considering Santana's popularity among the people and the military.;;;;;;;;;;;;;
EVTDESC600266;Despite supporting us at first, $FROMCOUNTRY$ has since declared war on us, frustrated by the instability of our government and the ousting of their agents from the government of our young republic. We have no choice but to face this foreign power if we want to assure our independence.;;;;;;;;;;;;;
restore_afrancesados_title;Restore Afrancesado Government in Santo Domingo;;;;;;;;;
restore_afrancesados_desc;§RGain 3 infamy§! The Afrancesados were a group of pro-French bourgeoisie in the Dominican Republic that were heavily in favour of a French protectorate over the eastern portion of the Island of Hispaniola—now known as the Dominican Republic. While the Afrancesados were in power for the first days of the Dominican Republic, they would soon be ousted by Juan Pablo Duarte and his Trinitarios, hurting our position in Santo Domingo significantly. Luckily, not only do we still have a small portion of our fleet close to Santo Doming, but we also have some of French officers and French-alligned politicians that we could use to our favour. If we put some effort into restoring our influence in Santo Domingo, we could fairly easily arrange for a coup against the Dominican government, restoring the Afrancesados to power and expediting the process of turning them into our protectorate.;;;;;;;;;;;;;
EVTDESC600267;Despite rebuking some of the pro-French elements in our government at the start of our independence war, it seems that France has managed to pull some strings and restore the power to their agents in Santo Domingo. Now, the Afrancesados have—with the support of French Navy and military officials that volunteered in the Dominican Army—couped our government quickly declaring the Dominican Republic as a French protectorate and handing our nation to the French.;;;;;;;;;;;;;
DOM_reactionary_0;Afrancesados;Afrancesados;Afrancesados;;Afrancesados;;;;;;;;;
DOM_prov_gov_conservative;First Dominican Republic;;;;;;;;;;;;;
EVTDESC600268;Having promoted the creation of a constituent congress, Santana's domineering attitude has led to a few clashes with the members of the congress. The congress—acting as a de facto legislative body—vetoed a proposal loan proposal made by English banker, ensuring Santana's retaliation, forcing the congressman Ramón Buenaventura Báez Méndez to propose the concept of legislative immunity to shield him and his colleagues from Santana's rage. Despite that—with the help of Tomás Bobadilla—a compromise between the president and the constitutional legislators has been achieved, culminating in the promulgation of the 1st Dominican Constitution in the city of San Critóbal, which pleased Santana in giving him special powers until the war against Haiti was over.;;;;;;;;;;;;;
EVTDESC600269;With a deteriorating economic situation, declining popularity with the military and a case of Scarlet Fever, Pedro Santana saw fit to follow the recommendation of his physicians and announced he would be temporarily stepping down from the presidency at the start of the year. Since then, the situation within his cabinet became worse and worse, with the only minister remaining from his original 1844 cabinet being Manuel José Jimenes, whom soon would be elected as the second president of the Dominican Republic.;;;;;;;;;;;;;
EVTDESC600270;Following the overthrow of Santana's government, Duarte has been officially declared the rightful president of the 1st Dominican Republic, immediately reorganizing the nation as a associated state of Colombia, the State of Santo Domingo, with Duarte's government being little more than a transitional power before integration into Colombia. Santana's government was popular and Duarte's reputation was already tarnished as a traitor to the nation and pro-Colombian nation, with the Colombian invasion only assuring that the entire country would turn against Duarte, with a significant resistance being formed by a mixture of Afrancesado politicians and Santanistas in the military. We could either let the Colombians deal with the resistance and focus on improve our image in the country or we could take upon ourselves to deal with this situation, minimizing Colombian involvement and possibly avoiding drawing more anger to our regime.;;;;;;;;;;;;;
unpopular_santo_domingo;Unpopular Statehood;;;;;;;;;;;;;
unpopular_santo_domingo_desc;The idea of a union between Santo Domingo and Colombia is nothing new, being one of the first things proposed by Núñez de Cáceres and his brief republic. Even back then the idea had its share of pushback, and it didn't get any more popular as time went on, with Juan Pablo Duarte—often credited as the Father of the Nation—being exiled on the account of being a pro-Colombian agent. His exile prompted a Colombian invasion which—while putting Duarte back in power—guaranteed that the idea of a union with Colombia became unacceptable by most of the population, despite the country's reorganization into an associated state of Colombia. If we want to be part of something greater—that is, a union with the rising power of Colombia—we must pacify our half of the island, regaining the trust of the people we betrayed and becoming more popular than Santana's regime.;;;;;;;;;;;;;
EVTDESC600271;José Núñez de Cáceres y Albor was the president of the 1st Dominican polity in history, the Republic of Spanish Haiti. During the ephemeral independence of his republic, Núñez sought a union with Colombia, only to realize that Bolívar was too busy with his military campaigns to help his country. Later, after his republic fell, Núñez would would fall under the service of José Antonio Páez Herrera, helping him undermine the Colombian state until leaving for Mexico where—in 1844—he would fall ill. Today, the Mexican government has informed us of his death and, while his republic failed and he tried to undermine the—at the time—collapsing Colombian nation, we could promote celebrations in his honor to manipulate his image to help our pacification of Santo Domingo, building a figure of a great leader that pushed for the union of Santo Domingo into a greater Colombian state.;;;;;;;;;;;;;
EVTDESC600272;As the Dominican Republic got its independence, three factions quickly rose, the Afrancesados, the Duartistas and the Santanistas. While the Duartistas were ousted from the republic, the Afrancesados also were taken out of power, but they maintained a working relationship with the Santanistas, especially in face of the invasion by Colombia. Maybe it would be a good idea to sow a split between the two factions, covertly promoting more radical elements in both factions, eventually forcing them to stop working together due to their differences.;;;;;;;;;;;;;
EVTDESC600273;Cibao has long been the most problematic region in the Estado de Santo Domingo. Since the days of Núñez's Republic of Spanish Haiti, Cibao was already opposing an union with Colombia. Furthermore, when Duarte couped the Afrancesados, the Duartista Junta was so unpopular in Cibao that the region considered splitting off from the rest of the republic. It was always obvious to us that it was a matter of time until Cibao became the most unruly region of the State of Santo Domingo. Now, after some time, the separatist movement in Cibao returned started to ruffle some feathers again. Luckily—this time—it could be very useful to us, as the movement is sure to draw the anger of the rest of our opposition. If we put some effort into it, we could indirectly support the movement, making sure to keep it strong enough to anger the rest of the Santanistas and Afrancesados, while never being strong enough to properly break off from Santo Domingo.;;;;;;;;;;;;;
EVTDESC600274;At one point, Santo Domingo was an economic powerhouse in the Spanish Caribbean, even if years of Haitian occupation and a costly war against Haiti and Colombia impoverished Santo Domingo quite a bit. Luckily—despite the some limited rebel activity—due to the prolonged period of peace and steady trade under the Colombian flag, the Estado de Santo Domingo is seeing a small economic boom, greatly improving the popularity of our regime and the living conditions of the general population.;;;;;;;;;;;;;
EVTDESC600275;While we enjoyed unwavering support from the Duartistas following the return of Duarte and the creation of the State of Santo Domingo, as time went on, this loyalty was put to the test and now many of the more radical Duartistas are abandoning our ranks, unwilling to take part in what they believe to be outright treason against the republic they fought so hard for since the days of La Trinitaria. However, maybe we can still win their back, through some personal speeches from Duarte and some concessions to more wary members of the Duartista faction.;;;;;;;;;;;;;
EVTDESC600276;With the prolonged occupation of Santo Domingo, allies in the island became a hard thing to come by. Luckily, lately it seems that we have been in control of Santo Domingo for long enough to forsee the creation of a group of pro-Colombian intellectuals, willingly disseminating the idea of Santo Domingo being integrated into Colombia. If we were to sponsor them, we could let them disseminate their ideas among the higher echelons of Dominican society, assuring a greater deal of support for the union with Colombia.;;;;;;;;;;;;;
EVTDESC600277;Things seem to be slowly stabilizing in Santo Domingo. While we still are met by some resistance from some of the population, we currently are experiencing a pro-Colombian drive among most of Santo Domingo, with various unionist clubs marching across the country to show support to our cause.;;;;;;;;;;;;;
EVTDESC600278;After years of occupation, Santo Domingo feels more and more as a part of Colombia, being slowly integrated into a greater Hispanic union. We are pretty sure that Santo Domingo is ready to be properly integrated into Colombia, with our cause ultimately triumphing over the Afrancesados, Santanistas and other nationalistic elements that tried to resist us at first. Now it is only a matter of confirming the perpetual union between Santo Domingo and Colombia, letting our nations charter their courses together from now on!;;;;;;;;;;;;;
faustin_invasion_title;Invade the Dominican Republic;;;;;;;;;;;;;
faustin_invasion_desc;§RGain 2.5 infamy§! Despite being chosen as a president for being seen and dumb and dull, Faustin-Élie Soulouque has proven himself to be a man of action, slowly gathering more and more power within the Haitian state. The last thing he needs to solidify his power would be to right the wrongs of the past and subjulgate the Dominican Republic. As we hear news of the Dominicans trying to gather support from other European powers, it is only a matter of time before our dreams of reclaiming Santo Domingo are put down forever!;;;;;;;;;;;;;
EVTDESC600279;At the start of his campaign, Faustin's men were met by demoralized Dominican troops, offering little resistance to their advances in face of the chaos going on in the Dominican Republic. Faustin's army would advance further, burning the town of Azua and then facing a small Dominican force which would be able to inflict a small defeat upon the Haitian Army. Despite that, the Dominican forces would retreat to Las Carreras, where they would regroup with General Pedro Santana Familias. There, Faustin would lead the lead an army of 15 thousand Haitians against a 800-men strong Dominican militia. Faustin would start the battle with a cannon barrage, but, upon ordering his troops to advance, he would be met by a hour-long barrage by the Dominican artillery, foiling the Haitian attack and emboldening the Dominican troops into attacking the Haitian ranks with spears and machetes, as the battle devolved into hand-to-hand to combat, leading to a crushing Dominican victory and the capture of all Haitian cannons used during the battle.;;;;;;;;;;;;;
EVTDESC600280;Having invaded us in our moment of weakness, the Haitians faced little resistance in the first month of Faustin's invasion. Luckily, despite Jimenes' inaction, the Dominican Congress took initiative and recalled ex-President Santana to lead the resistance against Haiti. Despite Jimenes pushing back against such measures, Santana agreed to return, leading a 800-men strong militia as the last defense of Santo Domingo against the 18000 soldiers led by Faustin. The Battle of Las Carreras was a chaotic one. The troops under Santana managed to stall the Haitian advance with prolonged artillery barrage, followed by a offensive charge by the Dominican troops, routing the Haitian arms with hand-to-hand combat, managing to capture the Haitian artillery and killing one of Faustin's generals, hopefully sending the Haitians back into their half of the island.;;;;;;;;;;;;;
EVTDESC600281;The Turkmen tribes continue to terrorize our northern holdings, launching several hostile raids into our borders, taking many of our people as slaves on top of looting our settlements in the region. Our poor relations with the Turkmen tribes and the profitable slave markets of Khiva surely are to blame for these hostilities.;;;;;;;;;;;;;
turkmen_raids;Turkmen Raids;;;;;;;;;;;;
EVTDESC600282;Santana's victory in Las Carreras was met with excitement but most, with the most notable exception being our president—Manuel José Jimenes González. Despite being a member of Santana's cabinet from the start of his government until the very end, Jimenes was essentially a Trininarian, pardoning the Trininarian leaders exiled by Santana, despite not allowing the return of figures such as Duarte. Following the invasion by Haitian president Faustin Soulouque, Jimenes carried a failed military campaign in the South, with the national congress granting supreme command to Santana. Following Santana's vicoty, Jimenes would go on to try to discredit the general, only for Santana to march into Santo Domingo, sieging the city, launching the country into a brief civil war, with Santana supporting Ramón Buenaventura Báez Méndez as the new president of the Dominican Republic against Jimenes.;;;;;;;;;;;;;
EVTDESC600283;In 1870, after a trip to Jamaica, the schooner—under Captain Lorenzo Dow Baker—brought the banana fruit to the United States for the first time. The tropical fruit would grow to become quite popular, being a nutritious and cheap alternative to locally grown fruit, with a dozen bananas costing around 0.25 cents, which would translate to only two apples.;;;;;;;;;;;;;
EVTDESC600284;Following the introduction of the banana fruit to the United States, the fruit came directly into contact with out interests in tropical countries. Paired with the construction of railways lines in Costa Rica, a American businessman—Henry Meiggs—would start to plant bananas in the country to feed his workers. Meiggs would be assisted by his nephew—Minor Cooper Keith—who would assume the enterprise after Meiggs' death. Keith would go on to create the Tropical Trading and Transport Company, the first company to operate cheap tropical fruit plantations in Central American goverments, with huge grants from the local goverment, starting the era of Banana-driven Politics dominating our sphere of influence in Central America.;;;;;;;;;;;;;
banana_profit;Central American Fruit Corporations;;;;;;;;;;;;;
banana_profit_desc;Staring with the foundation of Tropical Trading and Transport Company and the Boston Fruit Company—which would later merge into the United Fruit Company—American multinational fruit companies would spread across Central America, taking advantage of cheap local labor to profit, exerting significant influence over the local governments and, of course, granting us cheap fruit to feed our people.;;;;;;;;;;;;;
banana_republic;Banana Republic;;;;;;;;;;;;;
banana_republic_desc;Our economy has been essentially hijacked by American multinational corporations, with them dominanting our country with huge plantations and infrastructure projects to support their exporting of tropical fruit. They exert a great deal of influence in our goverment and making it hard for the government to do anything but grant them further concessions.;;;;;;;;;;;;;
EVTDESC600285;With the growing power of American fruit companies in our nation, they guaranteed a great deal of influence in our politics, leading to us becoming essentially a "Banana Republic", as our economy is steered toward serving these companies' plantations.;;;;;;;;;;;;;
EVTDESC600286;Our new government has posed a significant pushback to the interest of the American economies that previously dominated our economy. We are finally free to act against these companies, nationalizing their investments and once again taking control of our economy.;;;;;;;;;;;;;
EVTDESC800932;Circassia has long been graced with the help of British adventurers, usually bringing weapons for us to fight or even joining our fight against Russia. Recently, the ship of one of these adventurers—James Stanislaus Bell—was detained by the Russian navy, enraging the British parliament, rising tensions between the two nations. While the tensions between the two nations are bound to subside, adventurers like Bell have played a crucial role in not only popularizing the Circassian struggle, but also training our army and helping in our fight against Russia.;;;;;;;;;;;;;
EVTDESC800933;Poland has been restless ever since the Congress of Vienna. While there was some relief in the liberties we got from the pressure of foreign powers such as Britain, it was clear that Russian overlordship meant that these liberties had their days numbered. As the Russian Tsars slowly took away our liberty, we have finally decided that enough was enough, with an uprising sparked by a group of young Polish officers led by Piotr Wysocki. After a brief struggle and the fleeing of Grand Duke Constantine—brother of the Russian Tsar Nicholas I—the revolutionaries took control of the city, with the new Polish National Government declared after a brief dictatorship by Józef Grzegorz Chlopicki. The government has elected Prince Adam Jerzy Czartoryski, and Poland now prepares for the Russian retaliation to the November Uprising.;;;;;;;;;;;;;;
EVTDESC800934;Despite facing the raging ire of the Russian Bear, Poland—against all odds—managed to inflict a blowing defeat to the Russian pride, with Russia finally accepting to recognize the independence of the Kingdom of Poland. While we are far from our former glory, we have proved to the powers of Europe that Poland is not yet lost! To celebrate our victory, the Sejm has declared the end of the Polish National Government, restoring the 1815 Constitution of the Kingdom of Poland. The only matter left to decide is the question if Poland is to remain a kingdom or not, with some of our more radical advisors favouring the republican model instead.;;;;;;;;;;;;;
EVTDESC800935;Our time is up.Despite our attempts to compromise with the Tsar, the Russian Bear isn't interested in compromising. As his plan fails, Chlopicki resigns. A new government is formed and the Russian forces under Field Marshal Hans Karl von Diebitsch cross into Poland. It is all or nothing.;;;;;;;;;;;;;
POL_prov_gov_conservative;Polish National Government;;;;;;;;;;;;;
EVTDESC800936;Despite the exhausted and half-trained nature of the Hellenic Army, the refusal of the London Protocol by Kapodistrias managed to squeeze a little more of steam from the Hellenic people, allowing us to defeat the Ottoman Empire and get our desired border, with Greece not only stretching from the Gulf of Ambracian Gulf to Mount Ossa, but also including Crete and the Aegean Islands. Kapodistrias may not have lived to see our victory, but his actions granted Greece not only its independence, but also its dignity.;;;;;;;;;;;;;
EVTDESC800937;The Murder of Ioannis Kapodistrias put a severe strain in our society, with his brother—Augustinos Kapodistrias—leaving the country in anarchy and removing any hope of beating the Ottomans and pushing for the border following the Ambracian Gulf-Ossa Line that the late Ioannis envisioned for us. Luckily, we still managed to assert our independence from the Ottomans, securing a border along the Arta–Volos line, while being able to retain Greece. While not ideal, this "revised" London Protocol certainly put us in a better position than before, even if we have to deal with the chaos left by Augustinos Kapodistrias' government...;;;;;;;;;;;;;
EVTDESC800938;Suffering from the same failings as his brothers but having none of his virtues, the government of Augustinos Kapodistrias was bound to fail sooner rather than later. With the country being throw more and more into anarchy, Augustinos ends his 6-month long rule by resigning, leaving Greece to be government by the Administrative Council for the time being.;;;;;;;;;;;;;
EVTDESC800939;With Greece being thrown into anarchy, the Administrative Council has already gone through 5 different governments, with the Hellenic State hardly being the state our people fought so hard to establish. The situation became so dire that the foreign powers once again came to interfere into Greek affairs, suggesting the Catholic Prince Otto Friedrich Ludwig von Bayern of Bavaria as a king to restore order. While the idea of a Catholic German as our king would be unacceptable a few months ago, with the chaos that has taken Greece by storm, this seems like the only option out of this mess.;;;;;;;;;;;;;
EVTDESC800940;The Sarhad Highlands were conquered by Kalat under the rule of Mir Nasir Khan, the Great. Despite Kalat's authority since the death of Mir Nasir Khan being only nominal the recent collapse of the khanate that followed the British invasion, threw the highlands into anarchy, with the formal authority of Kalat ceasing to unify the region and leading to it officially being divided by various chiefdoms around settlements such as Bampur, Dozdab and Bashkard.;;;;;;;;;;;;;
EVTDESC800941;Being born as a confederation of tribes against Mughal expansion, the Brahui Confederacy—now known of as the Khanate of Kalat—rose as the first unified polity in Balochistan, quickly subjulgating neighboring tribes, breaking off from Mughal suzerainty in 1666 under Mir Ahmad Khan I, and from that point on being able to butt heads with local Mughal governors to preserve its independence and acquire more territory. The Khanate of Kalat reached its peak under Mir Nasir Khan, leaving chiefdoms such as Bampur, Makran, Kharan and Las Belas under our overlordship. While nominally our vassals, ever since the death of Mir Nasir Khan, our authority over them became almost non-existent, with our subjects looking for any excuse to break away from our rule even if we already can't really exercise our authority in practice.;;;;;;;;;;;;;
end_kharan_title;Put an End to Kharani Treachery;;;;;;;;;;;;;
end_kharan_desc;While their allegiance bounced between many polities over the years, the oasis town of Kharan came under the authority of the Khanate of Kalat during the rule of Mir Nasir Khan I. Nowdays, with Mir Nasir Khan I long gone, our control over the chiefs of Kharan grows more and more fragile, with its proximity to Kandahar and Kabul posing a risk to our overlordship over the city. Negleting to assert our authority over Kharan could mean losing the city to our northern neighbors, showing our weaknesses to the our enemies in the North.;;;;;;;;;;;;;
end_las_belas_title;End Jamote Autonomy;;;;;;;;;;;;;
end_las_belas_desc;The Jamote Clan came to rule Las Bela ever since Mahabat Khan supported descendents of Qurayshite Abdul Manauf claim the region. Ever since then, Las Bela has been our tributary, paying us half of their taxes and being closely related to the Khans of Kalat, going go far as their current ruler being the son-in-law of our khan. Las Bela grew quite prosperous under our protection and our ending their autonomy would allow us to directly tax their wealthy Hindu merchant families, greatly helping our coffers.;;;;;;;;;;;;;
end_makran_title;End Makrani Autonomy;;;;;;;;;;;;;
end_makran_desc;Makran came under our rule during the reign of Mir Nasir Khan I, with the local chiefs currently being somewhat loyal to us, at least inland. In reality, Makran is divided between the inland chiefdoms and the coast, with our authority over the interior being somewhat solid, especially in comparison to the costal settlements, which since them have been switching allegiances back and forth between us and Muscat, mostly falling Muscati influence these days. Back in the days of Mir Nasir Khan I, we held control over the important city Gwadar, but the port was gifted to future sultan of Oman, which would eventually start to betray our kindness by swaying the costal cities to be under his domain. If we were to put an end to the autonomy of the Makrani chiefs in the interior, we surely could also reclaim our old costal holdings as well, once again taking control of Gwadar.;;;;;;;;;;;;;
end_bampur_title;Cement our Rule over the Sarhad Highlands;;;;;;;;;;;;;
end_bampur_desc;While the Sarhad Highlands were subjulgated by the great Mir Nasir Khan I, after his death, our authority over the region quickly deteriorated, with cities such as Bampur and Dozdab quickly falling under nominal vassalage, barely even paying taxes to us. If we don't assert out rule over the region quickly, being so far away from our core lands in Kalat proper, should our Iranian neighbors turn their eyes towards our land, we would be powerless to stop the Shahs of Iran from taking Bampur from us.;;;;;;;;;;;;;
EVTDESC800942;Despite declining with quite a bit with the death of Mir Nasir Khan I, we managed to still assert our superiority against the other Baluchi clans and chiefdoms, allowing us to end their autonomy and assert ourselves as the sole authority in Baluchistan. The Brahui clans now sit as the most proeminent power in Baluchistan, allowing us to celebrate our victory against not only the other clans, but also against the foreign powers that once sought to topple us and exploit the Baluchi clans!;;;;;;;;;;;;;
EVTDESC800943;With our takeover of the lands of the Jamote Clan, we are now in full control of their old center of power—the city of Bela. Under Jamote rule, Bela grew quite prosperous, gathering a community of Hindu merchants that now lies under our rule. As our governors set in Bela, the city and its merchants grow uneasy, unsure if the Khan's new administration will rock their business. Seeing to that, they—backed with the new local governor—have petitioned the Khan to implement some small reforms that would greatly help those merchants continue to make business within the city of Bela and also spreading through the rest of our domains.;;;;;;;;;;;;;
mir_nasir_claims_title;The Legacy of Mir Nasir Khan, the Great;;;;;;;;;;;;;
mir_nasir_claims_desc;§RGain 5 infamy§! Mir Nasir Khan I of Kalat was the greatest leader of Kalat and the Baluchi people in general. His domain were the highest point in Baluchi history, assuring the superiority of the Brahui clans for quite a while. Now that we have modernized and centralized our realm, it is time to recover everything we lost since the days of Mir Nasir Khan, establishing our rule from Bandar-e Abbas to Karachi.;;;;;;;;;;;;;
EVTDESC800944;Our authority on the coastal settlements of Makran was always loose at best. That is why, when the future sultan of Oman Said Taimur was exiled from Muscat, we were more than happy to grand him the port of Gwadar. Ever since then, we only lost more and more control over our coast, with the Omanis that we once welcomed with open arms seizing the opportunity to control the costal settlements of Makran, while we were barely being able to exercise our authority inland. But now, with the reconquest of Gwadar we finally righted this wrong. While we usually wouldn't be very interested in controling a costal settlement, the Omanis have developed the place quite a built, even building a fort that would help us better exercise our authority in the region.;;;;;;;;;;;;;
EVTDESC800945;While we came close to reconquering Greece with the arrival of Ibrahim Pasha, the Eyalet of Morea was essentially extinct ever since the Greek rebels took control of the peninsula. Now, despite the foreign pressure to accept Greek liberty, we have finally put an end to the Greek revolt and, while most of Greece still is agitated against our rule, with our occupation, it is clear that this will eventually die down...;;;;;;;;;;;;;
saving_circassia_title;Save the Circassians;;;;;;;;;;;;;
saving_circassia_desc;§RGain 5 infamy§!While we never subjulgated Circassia entirely, we exercised some authority in the region for a while, until the Russians made us drop all of our claims in 1828. Over the years, as Russian agression grew more and more, the people of Circassia have relied more and more on us—and the British—to help them against the Russian Bear. Now that we have proved that we can make the bear bleed, it is the perfect time to save Circassian from its claws, liberating the Circassian highlanders and ensuring their eternal loyalty against the Russians.;;;;;;;;;;;;;
EVTDESC800946;With our take over of the Circassian homeland, we see the region completely changed by its century-long struggle against Russia, with many Circassians having fled the region to escape the Russian ire, with those that remain being completely battered from the years of fight against Russia. With the news of our victory spreading across our empire, many of the Circassians that sought refuge in our land seek to return to their homeland, ready to be our loyal subjects. Despite that, many of our advisors still debate what to do with the region, with many suggesting we grant them self-rule under our empire, while some—more chavunistic elements in our ranks—suggest we leave it clear that we are their new overlords and that things aren't getting any better than under Russia...;;;;;;;;;;;;;
EVTDESC800947;While we have long enjoyed some degree of autonomy, the tyrants of $FROMCOUNTRY$ came knocking, eager to end our liberty. While we aren't totally powerless to fight them, maybe uniting with $FROMCOUNTRY$ would be better for us and our people.;;;;;;;;;;;;;
EVTDESC800948;The Danubian Principalities of Wallachia and Moldavia have been occupied by our troops since the war of 1828-29. The populace is becoming increasingly resentful of this, especially as we have confiscated Wallachia and Moldavia's treasuries for the time being. As a result of the growing unrest, we formed two commission to work on the Regulamentul Organic of both states, to shape their government, allowing us to end our occupation while maintaining our influence on both principalities. With both commissions having sent their finished drafts to us, the Regulamentul Organic will the basis of government of the principalities, while assuring their autonomy within the Ottoman Empire and their status as our protectorates, allowing us to intervene in the region if needed. Being adopted by Moldavia on 13 July 1831 and now by Wallachia, we have finally restored the civilian governments of the principalities, letting the Ottoman Sultan appoint new voivods.;;;;;;;;;;;;;
EVTDESC800949;The Danubian Principalities of Wallachia and Moldavia have been occupied by Russian troops since the war of 1828-29. Luckily the Russians had no intention of occupying the Principalities indefinitely, with the Bear working to establish a new organic law that would allow the Danubian Principalities to restore their civil government while still being our vassal under Russian influence. Now, this new organic law is finished, with both Moldavia and Wallachia adopting the Regulamentul Organic as a constitutional base, allowing us to once again appoint voivods to the region and ending the Russian occupation.;;;;;;;;;;;;;
EVTDESC800950;Following the Moldavian Revolution, we had sent our advisors to the Principality to try to defuse the situation. Now, with the situation worsening, we are forced to move troops into the region, occupying Moldavia until the liberal agitation in the Danubian Principalities calms down.;;;;;;;;;;;;;
EVTDESC800951;Following the Wallachian Revolution, the revolutionaries in the Principality we have sent a request to the Ottoman Empire to put down the revolutionaries before it was too late. Instead, it seems that the revolutionaries have successfully endeared the Ottoman Sultan to their cause, leading to them denouncing our occupation of Moldavia. It seems that we have no option but to move to occupy Wallachia as well.;;;;;;;;;;;;;
EVTDESC800952;It seems that renouncing the Regulamentul Organic worked in our favour, with the act endearing the Ottomans to our cause! The Ottomans have expressed support in our cause, denouncing Russia for their occupation of Wallachia and warning us that we must prepare for war!;;;;;;;;;;;;;
EVTDESC800954;After a small campaign against the Ottomans, we have asserted our position in the Danubian Principalities, showing the Ottomans who really has the power over Wallachia and Moldavia. With the Ottoman Empire leaving it clear that it can't be trusted with overlordship of the region, we have decided to establish a more permanent position in the region, with the only other power with a say in the region—Austria—being too weak and in our debt, unable to act against our subjulgation of the Danubian Principalities.;;;;;;;;;;;;;
EVTDESC800953;After a prolonged campaign against Russia, we have asserted our position in the Danubian Principalities,  showing the Russians who really has the power over Wallachia and Moldavia. Not only have we revoked the Russian protectorate over Wallachia and Moldavia, we have also reconquered some of our loses from war in 1829, asserting our position in the region and restoring some of our prestige.;;;;;;;;;;;;;
EVTDESC800955;With the Wallachian Revolution being put down and the signing of the Convention of Balta Liman, it is about time we once again leave Moldavia. While some concessions were made to the Ottoman Empire, it only means that now they have a bigger stake in preserving our joint rule over the principalities.;;;;;;;;;;;;;
EVTDESC800956;Ever since the Von Rennenkampf's expedition to South Ossetia, the Ossetians on our side of the Caucasus have been weary of a possible expedition to the north. The North Ossetians tried to reach out to us leading to our expedition to Ingushetia, trying to surrender to us and avoid a military expedition to their territory. Sadly, while we were not keen on accepting their surrender in the first place, their preparations for a possible expedition left us no choice but to dispatch an expedition against them. The expedition was led by Major-General Ivan Nikolayevich Abkhazov—a Georgian noble highly regarded by Paskevich—with his men advancing into Suargom Pass, where his troops met the most resistance, engaging in a 3-day long battle, with the villages that offered resistance after that being burned to the ground. Some further expeditions would be needed after Abkhazov's initial campaign, but Ossetia was essentially secured by the Major-General's ruthless actions.;;;;;;;;;;;;;
EVTDESC800957;The Ossetians have long been a nuisance to our administration. Not only do they pose a significant threat to the Georgian Military Road—our main connection to our overlords in St. Petersburg—but they conduct significant raids in our territory, drawing the anger of the Georgian Nobility that urges us to deal with those bandits. Luckily, the General Ivan Fyodorovich Paskevich—Count of Erivan and High Comissioner of the Caucasus—obtained permission from Tsar Nicholas I to act on the Ossetians, ordering an expedition to be headed by Second Lieutenant Paul Andreas von Rennenkampff. Von Rennenkampff's expedition would be swift, with his troops moving from village to village, but eventually finding significant resistance from the locals. After a heroic last stand from the locals near the village of Kola, Von Rennenkampf reached an agreement with the remaining Ossetians, with the region being pacified after the Ossetians were spared from serfdom by Paskevich.;;;;;;;;;;;;;
EVTDESC800958;As Russia prepares to disarm the Chechens and turn us into serfs, Imam Shamil of Dagestan—after being defeated and routed from his own lands—is trying to convince our greatest military leader—Isa of Ghendargen—to support him as the sole military and spiritual leader of both Dagestan and Chechnya. After much deliberation, the Chechen leaders held a meeting in Urus-Martan to consider Shamil's offer.;;;;;;;;;;;;;
appoint_naibs_title;The Naibs of Imam Shamil;;;;;;;;;;;;;
appoint_naibs_desc;§RThis will lead to war with Russia! Gain 7.5 infamy§! During his rule, Imam Shamil—as the spiritual and military leader of Dagestan and Chechnya—reformed the administration of the region by appointing naibs—regional governors to oversee recruitment, taxes and the Sharia Law. While most of these naibs acted within the Imam's territory—such as Muhammad Amin—acting outside of his territory, with some naibs conducting raids in Georgia and trying to stir up resistance in Ossetia, to no avail...;;;;;;;;;;;;;
EVTDESC800959;While the Circassians nominally follow Islamic teachings, the people of the North Caucasus in general historically had hard time trully adhering to any foreign religion. Such, some ambassadors from the Abzakh clan have asked Shamil—the Imam of Dagestan and Chechnya—to send a naib to not only properly introduce Islam to Circassia, but also unite the two nations in their struggle against Russia. What came from it was the arrival of the warrior and scholar Muhammad-Amin in Circassia, uniting most Circassian clans under him. While helpful, his total control over Circassia would mean becoming a puppet of the Imanate. Luckily, the clans of Shapsugh and Abkhaz still resist his rule, assuring us some degree of autonomy, at least until we can have a parliament deciding the fate of Circassia...;;;;;;;;;;;;;
EVTDESC800960;After being a signifcant thorn in our side, Imam Shamil struck us once again! While he was once restricted to acting in Chechnya and Dagestan, now his influence has spread widely along the Caucasus, with his naibs—Muhammad Amin and Daniyal Bek—establishing control over Circassia and Elisu respectivelly, effectively invading our territory. If we don't act now we risk letting his agents further penetrate our holdings in the Caucasus...;;;;;;;;;;;;;
EVTDESC800961;Mir-Fatah-Agha—also known as Mushthaid—was the head of the Caucasian Ulema ever since the Treaty of Turkmenchay. He was invited by the High Comissioner of the Caucasus, Ivan Paskevich, to be advise him and help him reign in the Muslim population. Being a Shiite, he naturally succeeded greatly in quelling any unrest within the Shia population, even bolstering recruitment among them for the Russian Army. Sadly, with the departure of Ivan Paskevich to Poland, the following administration didn't make things easy on Mushthaid, with him being eventually forced to return to Persia in 1841, leaving no strong religious figure in the Caucasus besides Imam Shamil of Dagestan.;;;;;;;;;;;;;
connect_with_southern_allies_title;Our Aliies Across the Mountains;;;;;;;;;;;;;
connect_with_southern_allies_desc;§RGain 5 infamy§! While our influence is restricted mostly to the Sunni peoples of the North Caucasus, we manages to get some contacts in the other side of the mountains, with figures such as Daniyal Bek and the neighboring Dagestani tribes being devoted allies to our cause. Of course, crossing the mountains itself would be rather difficult to do, but we could—instead try to attack the Russians around Baku, creating a corridor between Elisu and our holdings, while also depriving Russia of one of its most important routes to secure the Caucasus...;;;;;;;;;;;;;
EVTDESC800962;Widespread Russophilia been developing in Austrian Ruthenia for a long while and, ever since Pan-Slavist Intellectual Mikhail Pogodin visited Lemberg in 1835 and 1839, the city's intelligentsia started to drift more and more into Russophilia, with this sentiment only growing stronger with the Austrians leaving the region under the control of the local Polish nobility after the 1848 Revolutions. Figures like Denys Zubrytsky made so that, now—despite some hurdles caused by the war and our occupation of the region—the people from Ruthenia have formally pledged to join Russia as the Fourth Russian nation, joing Great Russia, Little Russia and White Russia as Red Russia.;;;;;;;;;;;;;
EVTDESC800963;Despite not being part of our initial ambitions, we have successfully expelled the Turks from our borders, leading to a big celebration in Bucharest! What many naive revolutionaries fail to undestand it that, sadly, Moldavia is still under Russian occupation and, having coaxed the Ottoman Empire into surpressingour revolution, it is clear that Russia won't let us remain free for long...;;;;;;;;;;;;;
EVTDESC800964;While we trusted that our allies in Constantinople would be able to supressed the Wallachian Revolution, we have been throughly disappointed by their effort, with the revolutionaries in Bucharest celebrating their victory at this very instant. What they fail to understand is that their victory is to be short-lived, with our empire not being willing to risk this revolution reigniting the fires of occupied Moldavia, forcing us to act fast or risk having a bigger problem in our hands.;;;;;;;;;;;;;
EVTDESC800965;Despite not being the first permanent public theatre in Iasi—that title goes to the Théâtre des Variétés, founded in 1831—the Great Theatre of Moldavia was the first national theatre in all of Romania, founded when the Romanian language troupe, led by Costache Caragiali, was united with the French troupe, under a single direction of Vasile Alecsandri, all under the management of Costache Caragiali. The Theatre would soon become one of the most prestigious theatrical institutions in all of Romania, shadowing ever similar institutions in Wallachia.;;;;;;;;;;;;;
EVTDESC800966;While the Commonwealth didn't exist as a state for more than a generation, it is still a synonym for the Polish state, with a majority of the Sejm seeing our state not as a ressurgent Polish state, but as a continuation of the Commonwealth that was under an illegal occupation for the last 30 or so years. While this is a great point of pride for our nation, with our recent victory against Russia, the current realities have hit us and we have to face the fact that we are even weaker than the Commonwealth during its 3rd Partition, with our enemies having grown stronger since then. With our neighbors eyeing up our every movement—waiting for us to provoke them—maybe we should let the fires of the Commonwealth die, so Poland can live in peace for another day.;;;;;;;;;;;;;
EVTDESC800967;By itself, the Polish victory against the Russian Empire following the November Uprising was a surprise by itself. While we feared that it would possibly spill over into our Polish-speaking lands, we would never have imagined the uprising would actually succeed. Now, to our shock, the revived Polish has claimed to be a direct continuation of the Commonwealth, freeing itself from more than 30 years of occupation. Nonetheless, we shouldn't let this slide! As the news reach us, many in our cabinet now are suggesting we take action against Poland while they are still exhausted from their war with Russia, allowing us to remeind the Polish what happened to their precious Commonwealth last time!;;;;;;;;;;;;;
EVTDESC800968;We have succeed in subduing Poland once again! Now, with our allies meeting with the defeated Polish leadership and our allies in Warsaw, it is about time we decide what to do with this excuse of a state, to return Poland to the dustbin of of history!;;;;;;;;;;;;;
EVTDESC800969;Despite our failure in subduing Poland during the 1831 November Uprising, it seems the Polish government in Warsaw was so emboldened by their victory that they decided to invite both Austria and Prussia into war against them, assuring their sweetdefeat, with $FROMCOUNTRY$ being reasonable enough to return Poland to us after their victory. While it is humiliating to have the Germans deal with Poland in our place, at least we are back in control of Poland.;;;;;;;;;;;;;
EVTDESC800970;After our campaign against the newly-independent Polish state, $FROMCOUNTRY$ has suggested that—seeing as Russia was unable to keep the Polish scum in check—it is only right that we partition it once again between ourselves. We are to be given any territory that we gained during the 3rd Partition of Poland, plus any territory that Poland got directly eastwards of it, with the rest to be given to our ally.;;;;;;;;;;;;;
EVTDESC800971;In the wake of the liberal revolutions that spread across Europe, the Papal States is caught right in the middle—literally—of the nationalist agitation over Italian Unification. With the Pope having long played a central role in Italian politics, the Prime-Minister of the Kingdom of Sardinia-Piedmont—Vincenzo Giobertipublished a series of works defending the unification of Italy in the form of a confederation under Papal leadership. While Pope Pius IX is somewhat open to the idea of political reforms, the dominance of Anti-clerical and Freemasonry groups over the movement for Italian unification makes it somewhat dangerous for the Pope to show support to such a hostile cause.;;;;;;;;;;;;;
early_prometheism_title;In the Name of God, For Our Freedom and Yours;;;;;;;;;;;;;
early_prometheism_desc;§RGain 12.5 infamy This decision will disappear after 1848! This will enable you to be called to intervene in the liberal revolutions happening around you—namely Hungary, Bohemia and Poznan!§! Coined during the November Uprising, the motto "For Our Freedom and Yours" would become widely popular among the Polish revolutionaries, signaling to the world that freedom for Poland would mean freedom for other peoples enslaved by Russia. The motto would allign with the ideas of Prince Adam Jerzy Czartoryski, who believed Russia had cultivated slaves instead of allies—an error which costed Russia the Polish lands. While we haven't achieved our objective of freeing all of the slaves of the Tsarist regime, Czartoryski—worried about Poland's place in Europe—has been reaching out to neighboring liberal and nationalist movements, suggesting that Poland could directly support future insurrections against the opressive powers of Europe, granting them the fire(power) they need to secure their freedom and—in the process—ours too.;;;;;;;;;;;;;
EVTDESC800972;Ever since the end of the November Uprising, we have slowly built a network beyond our borders, establishing contact with Polish aristocrats and revolutionaries in Austria and Prussia. Recently, those contacts in Poznan, Krakow and Lviv have informed us that they were planning on revolting simultaneously on 21 February 1846, to take both Prussia and Austria by surprise. Naturally, they seek our support in their endeavour, to once again reunite with our nation. While we could allow them to attempt their uprising in 1846, it may be better to order them to prepare the ground until we invade either Prussia or Austria, to let me stun the German powers with the defection of the Polish subjects.;;;;;;;;;;;;;
EVTDESC800973;As we made an effort to coordinate the efforts of the Polish elites and revolutionaries abroad, now that we cross into enemy territory we are greated by the local Polish population as liberators, with our allies in their lands quickly taking up arms and declaring their allegiance to our state. With their support, we are sure to destroy our enemies in the field of battle!;;;;;;;;;;;;;
EVTDESC800974;It would seem that the backwardness of our state has painted our efforts in a bad light for the Galician peasants. While some members of the local Polish nobility and intelligentsia tried to stir up a revolt in the Austrian Crown of Galicia and Lodomeria, the prospect of fighting the Austrian Empire to join another backwards state which enforced serfdom wasn't taken very well by the peasantry in Galicia. They have—with some support of local Austrian officials—taken to slaughtering a good portion of the revolting szlachta, effectively killing the revolt before it could start.;;;;;;;;;;;;;
EVTDESC800975;While we always feared that our Polish minority could cause us problems in face of a resurgent Polish state, we could never imagine that our enemies would penetrate so deeply into our holdings that they would defect on a moments notice. As we wage war on the Poles, a considerable portion of the Polish people in our territory have betrayed us and sworn loyalty to our enemies.;;;;;;;;;;;;;
EVTDESC800976;While we held great interest in the Slavic Congress being held in Prague, we, sadly, our representatives weren't allowed to enter Prague, forcing us to contend with having our Galician allies speak on our behalf. Sadly, the Congress—after going on for 10 days—was cut short by hostilities breaking out between the Austrian Army and radical students. As Prague is put in a state of siege, most of the Congress attendants left Prague, either in disgusts or in fear of being persecuted. Such an act of barbarism hardly surprises it, but—seeing the chaos endured by the Austrian Empire—it may be the perfect time to rattle our cage and attack the Austrian Empire in their moment of weakness.;;;;;;;;;;;;;
EVTDESC800977;With liberal revolutions spreading across Prussia and all of the German Confederation, the King of Prussia has granted a pardon to all of the Polish revolutionaries arrested by his government. This, of course, has stirred a lot trouble around Poznan and the rest of their Polish lands, with demonstrations leading to the formation of Polish militias. Prince Adam Czartoryski tried to go to Berlin to negotiate, in a fruitless attempt to disarm the situation, but now, as the militias are desarmed, the Prussian soldiers advancing into the region began to violently crack down on the Polish population leading to the peasantry rising up against their Prussian overlords. Naturally, while this led to the end of talks with the Prussian governments, our allies in Poznan have formally asked for us to assist them in liberating Greater Poland, letting them finally join our state!;;;;;;;;;;;;;
EVTDESC800978;As liberal agitation spread into Europe, revolutionaries in Hungary have formally taken control over once Austrian-dominated kingdom, with the revolutionary Lajos Kossuth at the head of the Hungarian National Defense Commission, currently ruling the precarious country. The "Hungarian Cause" has long interested the more revolutionary-inclined elements in our government, with many in our current cabinet seeing Hungary as a brotherly nation in the struggle against foreign powers. At this point, we are under heavy pressure from the Sejm and our own cabinet to rally behind Hungary and help them liberate themselves from Habsburg rule!;;;;;;;;;;;;;
EVTDESC800979;While we always suspicious of how the newly-independent Polish state could threaten our domains, we could never imagine that they would be so bold as to openly support our rebellious subjects at the first opportunity. Now, with revolts spreading in our territory, the Polish have officially shown support to our enemies, leaving it clear that they would be willing to declare war on us to segure the liberal revolutions that spread across our country!;;;;;;;;;;;;;
EVTDESC800980;As we made an effort to coordinate the efforts of the Polish elites and revolutionaries abroad, now that we cross into enemy territory we are greated by the local Polish population as liberators, with our allies in their lands quickly taking up arms and declaring their allegiance to our state. With their support, we are sure to destroy our enemies in the field of battle!;;;;;;;;;;;;;
adam_prussian_threat_title;The Prussian Threat;;;;;;;;;;;;;
adam_prussian_threat_desc;§RGain 5 infamy§! While we already have an interest in parts of East Prussia—such as Masuria—due to their Polish minority, the most important part of the region—Königsberg—has long been out of our ambitions, with it—along with most of the Prussian province of East Prussia—having been part of Ducal Prussia, with the region being a fiefdom of the Polish-Lithuanian Commonwealth for over 100 years. More recently, Prince Adam Jerzy Czartoryski—while withdrawn from politics after his father's death—published his book "Essay on Diplomacy", where the former Foreign Minister of Tsar Alexander I would urge Russia to access the Prussian threat and incorporate East Prussia into a ressurgent Poland. While these ideas wouldn't come to fruition with the November Uprising breaking later in that year, the Prussian threat that once loomed over Russia now looms over our fragile Polish state, with many in our cabinet revisiting Czartoryski's ideas and suggesting that we claim East Prussia to completely secure what otherwise would be an exclave that Prussia would be keen on connecting with.;;;;;;;;;;;;;
forfeit_poznan_title;Renounce National Egoism;;;;;;;;;;;;;
forfeit_poznan_desc;§GLose 5 infamy§! §RThis will remove German cores on Poznan and Thorn!§! When the Poznan Question was brought into the Frankfurt Parliament, Polish Independence was still supported by many representatives that tried to reconcile German and Polish Nationalism. As our attempts to divide Poznan failed to find a settlement that would leave neither Germans or Poles stranded outside of their territory, those ideas would be ultimately killed by Wilhelm Jordan's speech, where the liberal parliamentarian would paint the  "sentimental Polonophilia" of some liberals as a childish fantasy that had no right to get in the way of a unified Germany and its future, stating that the Germans should practice "healthy national egoism" and abandon any sympathy for the Polish cause within Poznan. Jordan's speech would erode most support for Polish independence within the German liberals, with only radicals like Robert Blum insisting on advocating for an independent Poland. Now, while we did promote a violent crackdown in Greater Poland after our cooperation with the Polish became unsustainable, many of the radical liberal and socialist elements in our country still favouurably see Polish independence and there are still some that see the establishment of Poland as pivotal to curtail a future Russian threat. While it obviously would be madness to establish a Polish state in Poznan, if we were to conquer Warsaw we could leverage the liberal and socialist members of our parliament to renounce our national egoism and push a semi-independent Polish nation that would—under our supervision—fulfill both the interests of both the German and Polish peoples.;;;;;;;;;;;;;
EVTDESC800981;Historically, the the noble rulers of Brandenburg have exploited Prussia's position to elevate themselves to kings during the times of the Holy Roman Empire, but now, due to recent losses, we have lost control over the territory of Prussia. While we could keep claiming the name of Prussia—as it became synonymous with our domains—it would be dishonest to keep claiming the name of Prussia, especially considering we aren't under the same restrictions we were during the times of the Holy Roman Empire. With our humiliating loss of Prussia, we are forced to recognize that Brandenburg was always our power base.;;;;;;;;;;;;;
litvinism_title;The Lithuanian-Belarusian State;;;;;;;;;;;;;
litvinism_desc;§RGain 10 infamy§! Recently, intellectuals such as Mitrofan Dovnar-Zapolsky have been aiding in the monumental task of cementing a national identity for our nation, distancing ourselves from our old overlords in Moscow and leaning on our legacy as part of the Grand Duchy of Lithuania, painting it as a mutually beneficial union between Ruthenian and Lithuanian princes. Further promoting Dovnar-Zapolsky's ideas of the Grand Duchy of Lithuania as a Lithuanian-Belarusian state would allow us to the harness the legacy of the Grand Duchy promoting a sense of brotherhood with the Lithuanians—all the while distancing ourselves from any dangerous Pan-Russian rhetoric that could compromise our independence. Furthermore, sharing the Grand Duchy's legacy with the Lithunians, would allow us to once again unite our peoples, pushing back against both Russian and Polish threats that would seek to reincorporate us into their nations, restoring a long lost united Lithuanian-Belarusian state!;;;;;;;;;;;;;
EVTDESC800982;The Unification of the East and West Prussian provinces was proposed by Heinrich Theodor von Schön—the soon-to-be governor of West Prussia—in 1815, with his wishes coming partially true in 1824, when he was granted the governorship of East Prussia as well, and his desires being fulfilled in late 1829, a decree would formally turn both provinces into one. More recently, almost 50 years after the union, some cracks are starting to show, with Leopold von Winter—the mayor of Danzig—supporting the splitting of the Province of Prussia, citing Danzig's desire to not be subject to Königsberg, as well as unique challenges with its Polish minority, municipal governance and economic interests. This, we have been working on the "Ordinance on the Establishment of the Provinces of West Prussia and East Prussia", a law that would—once again—split Prussia into two—East and West.;;;;;;;;;;;;;
amical_protectorate;Amical Protectorate;;;;;;;;;;;;;
amical_protectorate_desc;While we are currently a protectorate of a foreign nation, our current arrangement with our overlords counts with a number of concessions to bolster our economy and preserve our autonomy.;;;;;;;;;;;;;
sax_plc_title;Restore our Union over Poland-Lithuania;;;;;;;;;;;;;
sax_plc_desc;Our royal house—the Wettins—has long had ties with Poland, with them culminating in the election of Augustus II as King of of the Commonwealth, with our dynasty having last ruled Poland in 1813, when Napoleon invested Frederick Augustus as Grand Duke of Warsaw, King of Poland and then Grand Duke of Lithuania, essentially restoring the Polish-Lithuanian Commonwealth under Franco-Saxon rule. Frederick Augustus died in 1827, but, considering our recent rise to proeminence and proximity to the occupied Polish territories, it wouldn't be hard for to us to press our claim to the Polish throne and restore the Commonwealth under our rule.;;;;;;;;;;;;;
EVTDESC800983;We have successfully freed the Polish people from their Prussian, Austrian, and Russian opressors, putting Poland firmly under our influence, allowing us to once again claim the mantle of Kings of Poland, but this time skipping all of that electoral process that could cause trouble in the future. Now, the only question is remaining is whether to rule Poland from Saxony our rule Saxony from Poland...;;;;;;;;;;;;;
duke_nicholas_manifesto_title;Sanction the Manifesto to the Polish Nation;;;;;;;;;;;;;
duke_nicholas_manifesto_desc;§GLose 5 infamy§! On the wake of our war against the German states, the more liberal elements in our government, paired with Grand Duke Nicholas Nikolaevich—the at the time commander-in-chief of the Russian Army—signed a manifesto promissing to the Polish people the creation of a united Polish state with autonomy under the Tsar, in the hopes of agitating the Poles in enemy territory in our favour, eventually leading to the creation of the Polish National Committee among the supporters to our answer in the so-called "Polish Question". While the Manifesto is not binding in the slightest—being yet to be sanctioned by our head of state and overcome pushback from its opposition—it counts with a lot of support from the liberal politicians within the Duma, which believe it would inspire further reforms in the Russian Government. Now, as all of Poland falls under our grasp we could push through the matter and finally grant autonomy to Poland, for the freedom of both the Polish and Russian peoples!;;;;;;;;;;;;;
EVTDESC800985;The Riga Latvian Society first met in 1868, becoming the oldest officially-founded Latvian organization. There had been significant attempts to create such an organization ever since 1861, enjoying little success or recognition, with the Riga Latvian Society being the first one to really gain traction. The Society was founded by Janis Fridrihs Baumanis, Bernhards Dirikis and Rihards Tomsons, with its over 100 members attending its first meeting. It would have the purpose of helping those in need and spread knowledge among the Riga Latvians, contributing to the development of Latvian education and culture, eventually inspiring other organizations that would come to promote the Latvian national consciousness.;;;;;;;;;;;;;
jean_rapp_danzig_title;Restore Danziger Autonomy;;;;;;;;;;;;;
jean_rapp_danzig_desc;§RGain 1.5 infamy§! During the War of the 4th Coalition, Marshall François Joseph Lefebvre would siege the city to cover Napoleon's advances into Prussia proper. After the siege, Danzig was proclaimed a free city and later in the year its borders would be defined by the Elblag Convention, which also put Prussia and Saxony as its guarantors. In practice, the city with Lefebvre being granted the title of Duc de Dantzig and—despite the city having its own senate—the city being ruled by the French Governor Jean Rapp. Now that we have restored the General Confederation of the Kingdom of Poland, we could once again punish the Prussians further by restoring the Free City of Danzig once again, at the cost of—just like in 1807—angering our Polish allies and possibly not bankrupting the city this time.;;;;;;;;;;;;;
wybickis_request_title;Józef Wybicki's Request;;;;;;;;;;;;;
wybickis_request_desc;§RGain 7.5 infamy§! With the creation of the General Confederation of the Kingdom of Poland, an executive body was formed—the General Council of the Confederation. Following Napoleon's establishment the very next month, the General Council sent a delegation to Vilnius headed by Józef Wybicki to urge Napoleon to declare the full restoration of the Kingdom of Poland—unsuccessfully so. Obviously, the request was denied as the Emperor was cautious to decide on the status of Poland before Russia was defeated which—sadly—didn't happen within his lifetime. Now, years later, our revived General Confederation holds the same borders as his and, with its territories consolidated, it is about time we finally attend poor Wybicki's request and restore the the Kingdom of Poland to its entirety.;;;;;;;;;;;;;
secularized_muslim_society;Secularized Muslim Society;;;;;;;;;;;;;
EVTDESC800986;While the German Confederation has long been an Austrian ploy to keep the other German states in check, now—with the disastrous defeat of Prussia—there is no other major German power to keep Austria in check, trully making us puppets of Austria, instead of enjoying the leeway that the dispute between the two states granted us. Now, the Austrian have tightened their grip on the German Confederation, essentially turning us into puppets unless we stand up to this travesty in the Frankfurt Federal Convention.;;;;;;;;;;;;;
EVTDESC800987;Ever since their invasion of Kalat, the British have held a significant degree of influnce over our Khanate, despite having sparse interactions with them. Now, after a series of discussions with the British dignataries, our leader meets with the British at Mastung to sign a treaty that—while prevents us with allying with Britain's enemies—grants us their protection, together with a stipend of 50000 rupees and training to our outdated army, not to mention the recognition of Kalat as the rightful ruler of our lands!;;;;;;;;;;;;;
EVTDESC800988;Ever since our invasion of Kalat, we have held a significant degree of influnce over the Khanate, despite having sparse interactions with them. More recently, we tried to arrange a treaty to further establish our influence in the region but, at Mastung—where the treaty was to be signed—the Kalati Khan has officially refused to accept our generous terms. It seems that we need to remind them what happened with their last khan that tried to defy us!;;;;;;;;;;;;;
treaty_of_kalat_title;Treaty of Kalat;;;;;;;;;;;;;
treaty_of_kalat_desc;Despite mixed success in the aftermath of our invasion of Kalat, onver the last decades our influences in Kalat and its old vassals has been increasingly greatly, mostly at the expense of Kalat itself. Despite counting with our support Kalat is in a weak that we could officialize our proeminence on its politics by signing a new treaty, one that would allow us to meddle in Kalat's internal affairs, forever assuring that the Khan of Kalar is forced to go through us to govern his own subjects.;;;;;;;;;;;;;
EVTDESC800989;After decades of meddling in Baluchistan and in our Khanate, the British finally were bold enough to propose a new treaty where they would be allowed to meddle in our internal affairs. Despite keeping autonomy on paper and even have our feudal systems modernized by British officials, signing the treaty would mean becoming a British puppet, recognizing the authority of the British Empire to solve the disputes between our Khan and his subordinates.;;;;;;;;;;;;;
las_bela_bait_title;Support Jhalawani Sardars;;;;;;;;;;;;;
las_bela_bait_desc;§RGain 2.5 infamy§! Despite being the son-in-law of the Kalati Khanm our Jam—Mir Khan II—has long been looking for ways of undermining the suzerainty of his father in law. With the recent loss of authority of the Khan and the Jhalawani sardars revolting against him, it is only right that we seize this opportunity to throw our support to the revolting sardars and ensure that Kalat will never again rule us!;;;;;;;;;;;;;
EVTDESC800990;With our victory against Kalat we have essentially toppled the Khan and installed a new puppet in his place, putting ourselves as the new de facto overlords of the Baluchi tribes, even if their overlordship wasn't that solid in the first place. On top of that, Kalat had an agreement with the English that—seeing our recent success—Britain is more than willing to transfer to us. While the agreement would curtail our freedom to conduct diplomacy with other polities, they would also send us a resident-minister, on top of advisors to train our army and officers, turning it into an enticing offer to our small state.;;;;;;;;;;;;;
EVTDESC800991;After the underage Prince Mikhail ascended to the throne, the situation in Abkhazia quickly deteriorated, with the entire principality being thrown into rebellion, forcing young Mikhail to leave, only returning with a detachment of the "Abkhaz Expedition" in 1830. The expedition's mission was—on top of establishing a land connection between Poti and Anapa—to build a series of coastal fortifications the most important of which would become Gagra Fortress. The expedition landed in Sukhumi in mid-1830, with Hadji Berzek Dagomuko and his Ubykh and Djiget raiders being able prevent the Russians from going further than Graga—with the fort becoming known as the Caucasian Thermopylae due to its fierce resistance against the Circassians. The fort would be further improved in 1833, strengthening the Russian presence in the region and Prince Mikhail's authority.;;;;;;;;;;;;;
EVTDESC800992;The Khan of Kalat has just signed control over disputes with us to the British Empire in the Treaty of Kalat. What that means for us is that—while we used to deal with our weakened overlords in Kalat—now we will have to face the might of the British Empire with every disagreements we have with the Khan, essentially transforming us into their puppets as well by proxy.;;;;;;;;;;;;;
outside_mrnc_title;Support the Congress of the Union of Mountaineers of the North Caucasus;;;;;;;;;;;;;
outside_mrnc_desc;§RGain 2 infamy§! We long have had a history of engaging in the North Caucasian struggle. Along the first half of the 19th Century, our agents were very active in the region, helping the Mountaineers fight against the Russian Empire and its genocidal campaigns. Despite that, our efforts were mostly confined to the struggle of the Circassian Confederation, with our agents having a hard time granting support to Shamil during the days of the Murid War. Now, however, we are given the opportunity to write this wrong, with the Highlanders of the North Caucasus beginning to organize themselves seeking more autonomy, with talks of a congress to be held among the Caucasian intelligentsia. This presents us the golden opportunity to offer support and protection to this new congress, obviously allowing us to have some degree of control over their affairs and use them to support our struggles against the Russians we both despise.;;;;;;;;;;;;;
restore_abkhazia_title;Reclaim the Kingdom of Abkhazia;;;;;;;;;;;;;
restore_abkhazia_desc;§RGain 5 infamy§! Despite having spent centuries being only a duchy under the Georgian kings, Abkhazia predates Georgia itself, with Georgia actually being created from the union of the Kingdoms of Abkhazia and Iberia. Now, despite the Kingdom of Abkhazia being Georgian in nature, by carrying its name and legacy, we can manipulate the historiography and use it as a pretext to expand eastwards into Kutasi, allowing us to assert our proeminence among the Georgian princes.;;;;;;;;;;;;;
unruly_administration;Disloyal Local Rulers;;;;;;;;;;;;;
rein_in_amin_title;Rein In Muhammad-Amin;;;;;;;;;;;;;
rein_in_amin_desc;Ever since we sent Muhammad-Amin as a naib to Circassia, he has gained more and more influence in the region. Despite some initial pushback, our successes against Russia have convinced even the fiercests of the Circassian clans to accept him in his fray, strengthening his position as Shamil's representative in the Circassian Confederation. With us having a hard time at first reaching out to him, with the recent conquest of Vladikavkaz, we have resolved the only hurdle in the way of connecting our efforts with those of the Circassians, making it the perfect movement to strike while both our spirits are high and try to integrate Circassia into our great Imamate.;;;;;;;;;;;;;
EVTDESC800993;When Muhammad-Amin came, many were wary of his influence in our country—for obvious reasons. While we can't deny his loyalty to Shamil, the Imam proved very successful in his campaign against Russia, even being able to take the fortress of Vladikavkaz for himself—that once stood in the way of cooperation between our movements. This success has prompted Shamil into asking Muhammad-Amin—and all of the Circassian Confederation—to formally declare Shamil as the Imam of Dagestan, Chechnya and Circassia, allowing the entirety of the Northern Caucasus to be united under him. This—of course—would put an end to our autonomy, but many clans are convinced that we are destined to be part of this greater union;;;;;;;;;;;;;
EVTDESC800994;For the last half a decadade Shamil has been taking steps to modernize his rule over Chechnya and Dagestan, slowly implementing laws that places the power in him and his naibs, rather than on the old clans of the region, making his domain look more and more like a proper nation under siege by a bigger empire. Becoming known as the Nizam, his laws were a success, but, more recently, Shamil has gathered the Imamate's leadership in a small village in Ichkeria, formalizing the Nizam and forcing all of the attendants to declare loyalty to his son—Kazi-Muhammad. Considering the Murid Movement was built on resisting tyrannical khans that ruled by blood right, it is dangerous to some that Shamil seems to prop up his son as his successor, even if it would prevent Chechnya and Dagestan from being split once again.;;;;;;;;;;;;;
ill_modernization;The Malaise of Modernization;;;;;;;;;;;;;
ill_modernization_desc;We were quick to break off the old powerhouses of clans and local rulers, modernizing our administration and implementing a proper bureaucratic system and hierarquy. Sadly, this came with a cost, with some of our new administrators proving less loyal to our cause and coming to odds with the local populations, hindering our efforts to modernize our state further.;;;;;;;;;;;;;
lead_caucasian_struggle_title;Lead the Highlander Struggle;;;;;;;;;;;;;
lead_caucasian_struggle_desc;While Imam Shamil gathered a great following with its religious and military leadership in the Eastern Caucasus, the Murid Movement began fighting the Russian Bear only recently, with our struggle—or at least the struggle of the Kabardians—starting with the construction of Mozdok decades and decades ago. With our recent successes—represented by the capture of Vladikavkaz—we finally are connected to the Chechen and Dagestani lands, essentially making our confederation border his Imamate for the first time since its formation. Considering that Shamil's recent efforts to break the power of clans and local leaders, we could sway the disgruntled clans of his lands into considering that our shared struggle against Russia and democratic—and clan-oriented—ideals would bring a better future for all of us, using them as a leverage to press Shamil into stepping down as a political leader and uniting his letting his Dagestani and Chechen subjects join our Confederation, letting us trully unite the Northern Caucasus under us and stand as one against Russia.;;;;;;;;;;;;;
EVTDESC800995;The capture of the Fortress of Vladikavkaz by the Circassian brought a great relief to our people. Our plan was to briefly celebrate this shared victory and—with Vladikavkaz gone and Russia without its main land route to the Caucasus—take the opportunity to expand our influence south. Sadly these plans are to be cut short for now. It seems that the Circassian envoys in our lands have been making connections among the Chechen and Dagestani clans hurt by Shamil's reforms, with them now making a joing request for Imam Shamil to step down as the political ruler of Dagestan and allow Chechnya, Dagestan and Avaria to join the Circassian Confederation. While we could refuse, we are sure that many of our countrymen have already chosen to support the Circassians, putting our Imam between a rock and a hard place.;;;;;;;;;;;;;
EVTDESC800996;As it is required of all Muslims to realize the Hajj, so it was required from Shamil. Obviously, that never happened because of the Imam's commitment to the struggles of his people, but now—feeling death at his doorstep and his health deteriorating—Imam Shamil has temporarily left his post as our ruler and performed the Hajj. On his way to Mecca, Shamil stopped at both Istanbul—where he was met with great honors and even granted a house—and in Alexandria—where also was met with great honors and even resolved a dispute between the Khedive and the Sultan—later even being one the first people to cross the Suez Canal. In Mecca, he adquired the admiration of the pilgrims there, even giving sermons to the people there. Sadly, Shamil never returned, with him having to stay in Mecca due to this health, dying there today. His son—to whom many were forced to pledge allegiance to in 1847—Gazhi-Muhammad is to take his place as Imam.;;;;;;;;;;;;;
restore_bruneian_glory_title;Restore our Former Glory;;;;;;;;;;;;;
restore_bruneian_glory_desc;§RGain 10 infamy§! After breaking away from Majapahit in 1408, Brunei found itself in a golden age, especially under the reign of Bolkiah ibni Sulaiman—commonly known as Nakhoda Ragam. After that period of growth, our proud nation would slowly form an empire that would come to control—either directly or indirectly—most of the coast of Borneo and even parts of the modern Spanish Philipphines. Sadly, since then, repeated conflicts have diminished our territory greatly, with European powers slowly stealing our vassals and territory, eyeing up our lands as we slowly drifted into decline. But—despite our current state—if we had a chance to prove to the world that we have halted our decline, we could leave it clear to our neighbors that Brunei is still a force to reckoned with and even reclaim our lost glory—and territories, of course...;;;;;;;;;;;;;
EVTDESC800997;We have been cut off from our holdings in the Caucasus. Despite initially failing to secure a route from Poti to Anapa, in 1830 we managed to secure not only the Georgian Military Road, but also the Port of Baku—two routes which guaranteed that our Viceroy in the Caucasus wouldn't be stranded. Sadly, our recent defeats have undone this great effort completely. The loss of Baku and the Georgian Military Road—as well as the failure to keep a route open through the Black Sea Coast—paired with the renewed hostility of the North Caucasus means our subjects in the Caucasus were allowed to break free from us. The Georgian princes—while still nominally loyal to us—have taken advantage of the situation to secure their autonomy, while the Azeris of the region made sure take this opportunity to break free completely. We can only hope to put an end to these pesky highlanders soon, restore our rule over Tiflis and erase this humiliation from the annals of history.;;;;;;;;;;;;; 
EVTDESC600287;Originating in Crimea, the Jadid Movement was quick to gain traction in Dagestan, where it found the perfect ground for it to growth, with our well-developed scholar class allowing the Jadid Movement to engage in debates and gain ground. While the advancement of culture, free press and education reform were still important topics for the Jadids in the region the main battleground against the Qadimists was on legal reform, with the Dagestani Jadids finding the most success in the matter of educational reform, considering secular sciences having long been part of the Dagestani curriculum, leading to the matter hardly being an issue for our traditionalist thinkers. Another important point was the rejection of Pan-Turkanism that was common among the rest of the Jadid Movement, with the Dagestani Jadids promoting the use of local languages in opposition to Russian and Turkic languages.;;;;;;;;;;;;; 
EVTDESC600288;Ever since the death of Imam Shamil, Chechnya developed a strong Zikrist movement, establishing a religious current of non-violent resistance and charismatic-sufi teachings, in contrast to the legalistic and scholarly currents preached by our Dagestani neighbors. While this has served Chechnya well, with the spread of the Jadid Movement across the region, our lands prove to be hardly an appropriate place for the Jadids to gain ground. With no argumentative scholars preaching in Arabic for the Jadids to debate, the movement steers clear of Chechnya and Ingushetia, barely interacting with us despite promoting great reforms in our Dagestani neighbors.;;;;;;;;;;;;;
EVTDESC600289;While the Circassian steered clear of the Jadid Movement that swept across Russia—in part due to their limited commitment to the laws of Islam—it still saw similar reforms to those promoted by the Jadids with the formation of groups such as the Circassian Union and Charity Society which—just like the Jadids across the Russian Empire—would promote the strengthening of Circassian culture and education, even counting with a women's branch—the Circassian Women's Charity Society. The Circassian Union would promote religious, moral, and civil ties among the Circassias, while also defending the establishment of Circassian schools in every village, as well as counting with its own newspaper, the Ghuaze.;;;;;;;;;;;;;
form_mrnc_title;The Congress of the Union of Mountaineers of the North Caucasus;;;;;;;;;;;;;
form_mrnc_desc;Being forced to cooperate as the Russians invaded our homeland, the people of the North Caucasus have never been as united as they are now and—with the latest decade promoting the formation of an intellectual movement in our lands—many of our leaders—including descendents of Imam Shamil himself—and intelligentsia are eager to gather in Vladikavkaz to promote something greater—a congress inviting all of the Mountaineers of the North Caucasus to establish a new state, the Mountainous Republic of the Northern Caucasus. The congress is set to lead to the creation of a modern and democratic state, respecting our long tradition of clans and tribes, while preventing them from dominanting our politics—like it has been the case even in the times of Shamil.;;;;;;;;;;;;;
accept_cossacks_title;Integrate the Kuban and Terek Cossacks;;;;;;;;;;;;;
accept_cossacks_desc;While they came to the North Caucasus as invaders—lackeys of the Russian Empire—the Terek and Kuban cossacks that remain in our holdings became increasingly more integrating with our society, with the cultural ties between our societies increasing more and more by the day, with them even adopting the cherkeska—the common attire among the peoples of the North Caucasus. While there are some issues to iron out—such as the matter of land rights—it is in the best interest of our state to abuse our developing cultural influence among them to make those remaining cossacks feel at home, politically integrating them and turning them into our allies, instead of an enemy inside of our own borders.;;;;;;;;;;;;;
1824_memorandum_title;Enforce the 1824 Memorandum;;;;;;;;;;;;
1824_memorandum_desc;§RGain 6 infamy§! In 1828, as the Greek Independence War raged on to our south, the government of Tsar Alexander I sent a memorandum to the other great powers with a proposal to settle the "Greek Question" with and ingenious solution. Being known as the Three-Part Plan, the idea proposed by Alexander I was to divide Greece into 3 autonomous states, one in Crete and Peloponnese, another in Epirus and a last one in Athens and Thessaly, with all of them paying tribute to the Ottoman Empire, akin to the Danubian Principalities—which we held a great deal of influence over at the time. Since then, our position in the region has advanced greatly, with most of the Balkans being under our control, be it directly or indirectly, with Greece being the next step in our ambitions. Due to not being a Slavic people, the Greek population is wary to follow our lead, being in our best interest to keep them weak and reliant on us, leading to our government shaking the dust off of the 1824 Memorandum and considering the Three-Part Plan once again, even if we have to use military force to enforce.;;;;;;;;;;;;
EVTDESC800998;We have long held a claims to parts of Sarawak as our own, having taken them to ourselves during the collapse of Majapahit. Of course, over time, our hold over these lands has drifted, with them nowdays being directly owned by Brunei. The recent discovery of antimony on the region bordering us, however, has renewed our interest in the region, leading us to send an offer to buy to a great portion of Sarawak and even bribing the Sultan's uncle—Pengiran Usop—to ensure the deal goes through. Sadly, the deal has failed, despite Usop's best efforts. Luckily, it seems that another opportunity has opened itself, with the former Governor of Sarawak—Datu Patinggi Ali—gathering men for rebellion against the Bruneian government, in the wake of its excessive taxes and cruel treatment of the antimony miners. If we were to support his struggle and gain his loyalty, we could get the rich mines of Sarawak to ourselves, an act our Dutch overlords would surely support...;;;;;;;;;;;;;
EVTDESC800999;With the discovery of gold and antimony in Sarawak, our men have been quick to try and sweeten up the local governor to have a part in the minings operations in the region. On top of that, we have been reminded that the Sultan of Sambas holds a claims to these lands and that he is intent on supporting a local revolt in Sarawak to get control of the mines himself. Of course, as it is a win-win situation for us, we won't get in his way, allowing Sambas to go free while they persue their ambitions in Sarawak.;;;;;;;;;;;;;
EVTDESC801000;Today marks the start of the $YEAR$ Millenium Exhibition in Budapest, with the fair being planned to last 6 months. The event celebrates the 1000th anniversary of the arrival of the Hungarians in the Pannonian Basin, counting with over 200 pavilions, a historical village and even display of the modern Hungarian industry, with the biggest attraction of the event being—by far—Árpád Feszty's "The Arrival of the Hungarians", a cyclorama with 120 metres of length and 15 metres tall, a piece of art depicting the Magyar conquest of Hungary, which was finished in 1894, ahead of the millenium celebrations.;;;;;;;;;;;;;
EVTDESC801001;Datu Patinggi Ali was the governor of Sarawak until 1827, when the Sultan of Brunei appointed Pengiran Indera Mahkota to the position, to better exploit the recently discovered gold and antimony mines in the region. Makhota would implement a grueling mining operating in Sarawak, while also raising taxes to gather funds, which eventually led to many workers supporting Ali—the old governor—in breaking Sarawak free from Brunei. Today, Ali's allies have ambushed our men at Lidah Tanah while they were sailing up the Sarawak River, with Makhota being unable to put down the revolt quickly, forcing us to act...;;;;;;;;;;;;;
EVTDESC801002;After a series of upsetting victories against the Bruneian forces, Datu Patinggi Ali's revolt has managed to pry a peace deal out of the hands of the Sultan, earning Sarawak its freedom. While many of the slaves and miners recruited by Ali rejoyce in their victory, it is clear that Brunei will want to recover their precious antimony mines at their first opportunity, prompting us to either seek to join our allies in Sambas or try to survive by ourselves with both our neighbors and western powers coveting our lands.;;;;;;;;;;;;;
EVTDESC801003;With our support and a series of victories against Pengiran Indera Mahkota and the Bruneian forces, the revolt we supported under Datu Patinggi Ali has succeeded, with Ali already pledging his allegiance to us, allowing we to finally have the lands we coveted for so long, pleasing our Dutch overlords as well, which will help us develop this rich region we just adquired.;;;;;;;;;;;;;
EVTDESC801004;After a prolonged conflict against Brunei in support of the Sarawakian rebels under Datu Patinggi Ali, we have failed to get control of the region. It is time for us to retreat with our tail between our legs and inform our Dutch overlords that whole ordeal has been dealt with, for better or for worse.;;;;;;;;;;;;;
EVTDESC801005;After being able to break the Datu Patinggi Ali's stronghold with the Lidah Tanah, Englishmen James Brooke managed to reach and agreement with the rebel leader for him to stand down, ending the fighting in Sarawak. That—paired with the promise of being granted governorship of Sarawak by the Sultan's men—has solidified Brooke's position as the Rajah of Sarawak, letting him carve his own kingdom in spite of the Sultan and his advisors being wary of the Englishmen being able to undermine Brunei's authority. Coming from Britain, Brooke was quick to outlaw both the institution of slavery and any form of forced labor—besides penal labor, of course—an unsurprising move considering Brooke's ties to the Datu Patinggi Ali—which was recruited his soldiers mostly from enslaved miners.;;;;;;;;;;;;;
EVTDESC801006;With Brooke set as the new governor of Sarawak, along with modernizing the local administration, one of his first orders of business is to secure his position and prevent further conflicts with Brunei. Brooke hopes to achieve by using his friend—and the man who first promised Sarawak to him—Pengiran Muda Hashim to modernize the Bruneian government as the Sultan's uncle and bendahara of Brunei. Sailing to Brunei Town together with admiral Sir Edward Belcher—from the Royal Navy—and having been appointed British Consul-General to Brunei, Brooke managed to break a deal deal with the Sultan, not only elevating Hashim's position, but also managing to get the island of Labuan ceded to the United Kingdom. Other than that, Brooke has also been engaging in a relentless campaign to pacify the Dayak natives and also the hunting pirates in the region.;;;;;;;;;;;;;
EVTDESC801007;Recently, Sir James Brooke—the Englishmen appointed as our governor of Sarawak—visited the Sultan's court and managed to sign treaty with the Sultan ceding the island of Labuan to the British and appointing the Sultan's uncle, Pengiran Muda Hashim as bendahara. This did not sit well with Hashim's rival—Pengiran Yusof—and the Sultan's son—Hashim Jalilul Alam Aqamaddin—with both planning the assassination of Hashim. With both men ready to put an end to what is essentially having Brooke's puppet in our court, the only thing missing is the Sultan's approval before Hashim and his family are put to rest.;;;;;;;;;;;;;
EVTDESC801008;We recieved news that our good friend and ally in the Bruneian court—Pengiran Muda Hashim—and his brother—Pengiran Badaruddin—have been assassinated by Hashim's rival, Pengiran Yusof. Yusof, not happy with now being under Hashim, conspirated with the Sultan's son and murdered Hashim and in a barbaric act. With the arrival of Rear-Admiral Thomas Cochrane with half a dozen ships in our shores, we surely would have support to make Brunei pay for their actions, especially with Yusof being accused of having ties to the pirates of the region, swaying Cochrane to our cause.;;;;;;;;;;;;;
EVTDESC801009;The Rajah set sail on a campaign against both the Sea and Land Dayaks to combat headhunting—the practice of hunting a human and collecting his head or other body part as a trophy, with the Rajah prohibiting any form headhunting outside of expeditions sanctioned by himself—as a form to compensate the largely unpaid Malays and Ibans, Sea Dayaks, in his forces. It must be noted that some Ibans still resisted Brooke's decree, causing quite the upheaval at first, but ultimately the Dayak would become loyal to Brooke and his regime.;;;;;;;;;;;;;
EVTDESC801010;Despite being able to combat piracy and slavery, the Rajah still finds himself in trouble at the helm of Sarawak, with the Raj amassing huge debts and facing economic stagnation, despite the sustained immigration of Chinese workers to help develop our economy. With the worsening economic situation, the Rajah has issued the Sarawak Dollar, which later would be put on par with the Strait Dollar, being issued in the values ranging from 1 cent to 1000 dollars, with the earliest notes using English, Jawi and Chinese characters.;;;;;;;;;;;;;
EVTDESC801011;When James Brooke arrived in Sarawak, land ownership was—naturally—underdeveloped and dictated by the native customs. Despite being able to mass 386,439 Sarawak Dollars in exports in 1863, it was clear that something needed to be done to helpf with the stagnant economy from the past decade or so. And thus, the White Rajah has established a land tenure policy, dictating that every inhabitant of Sarawak was entitled to 3 acres of land—which they couldn't sell—not being allowed to own more than 100 acres without the Rajah's permission. On top of that, a series of concessions were made to the Borneo Company Limited—a company registered in 1856—including exclusive mineral rights to all minerals found in Sarawak, with the Company having paid over 200,000¤ in mining royalties to the government and 2,000,000¤ in wages to this day.;;;;;;;;;;;;;
EVTDESC801012;Having recently suffered from repeated revolts both from the Chinese immigrants brought to develop the economy and the Dayak natives, the Raj and James Brooke are essentially broke. With his house burnt and this overall sad state of affairs for the Sarawakian economy, Brooke finds himself considering two things, asking the British for compensation for his losses and ceding Sarawak to them, or trying to sell the Raj off to some other European power. While this would allow Brooke to retire in peace, there are some in the Rajah's government that oppose the deal, such as John Brooke Johnson—also known as Brooke Brooke—who was invested as Rajah Muda—Brooke's heir apparent.;;;;;;;;;;;;;
EVTDESC801013;James Brooke—the Raj of Sarawak which we have been quick to support but slow to recognize—came to London today with an offer. Despite having success in establishing Sarawak and even expanding his little Raj, Brooke and his state are essentially broke, having suffered from a series of revolts and years of economic stagnation. Thus, the man came to British parliament with an offer to cede his realm to Britain, so long as he is compensated for his losses and his debts paid for. While there are some support in the House of Commons for such an arrangement, our head of goverment—Lord Derby—is less than receptive towards the deal, fearing that the British taxation in the colonies would shock the natives too much, turning the colony into much of a burden.;;;;;;;;;;;;;
EVTDESC801014;Sadly for Brooke growing debts, Lord Derby—the head of the current British government—has refused to accept the cedition of Sarawak and compensate Brooke for his losses. We are left no choice but to try to endure and try to turn our economy around now that the situation in Sarawak seems to have calmed down.;;;;;;;;;;;;;
EVTDESC801015;After failing to cede Sarawak to Britain, Brooke tried to negotiate with the French, the Dutch, the Italians, the Belgians, the Russians and even with Brunei to sell Sarawak and recover his losses. While the Dutch and Brunei aren't exactly out of the question, selling Sarawak to the two powers that hate us the most would be counterproductive. Another less-than-ideal option would the Italians, which as still consolidating their nation and would probably see Sarawak taken away from them before they could consolidate their rule, leaving Belgium, France and Russia as the main contenders to buy our Raj.;;;;;;;;;;;;;
EVTDESC801016;James Brooke—the Raj of Sarawak which broke away from Brunei with British support—came to our capital today with an offer. Despite having success in establishing Sarawak and even expanding his little Raj, Brooke and his state are essentially broke, having suffered from a series of revolts and years of economic stagnation. Thus, the man put his realm on sale for us, so long as he is compensated for his losses and his debts paid for. While this would still force us to establish our rule there, we would partially inherit all of Brooke's work, giving us a head start in consolidating the colony.;;;;;;;;;;;;;
EVTDESC801017;Sadly for Brooke growing debts, $FROMCOUNTRY$ has refused to accept the sale of Sarawak and compensate Brooke for his losses. We are left no choice but to try to endure and try to turn our economy around now that the situation in Sarawak seems to have calmed down.;;;;;;;;;;;;;
EVTDESC801018;The $FROMCOUNTRY_ADJ$ have accepted the sale! With the money already given to Brooke, the White Rajah was quick to pay his debts, reliving himself of Sarawak's burdens. Now, the only thing left to do is gather his belongings in Sarawak and break the news to his heir apparent—John Brooke Johnson.;;;;;;;;;;;;;
EVTDESC801019;Sadly—while unsurprising—John Brooke Johnson—the Rajah Muda—has launched a coup upon hearing the news of Sarawak's sale, rallying some supporters to fight back against European power trying to consolidate the sale of Sarawak.;;;;;;;;;;;;;
EVTDESC801020;Despite Brooke's best intentions, we have been informed that not everyone in Sarawak as that on board with the idea of selling the Raj to a foreign power, his nephew and heir apparent—John Brooke Johnson—has launched a coup against his uncle and declared his intention to prevent any European power from consolidating the sale of the island. While Brooke was kind enough to inform us of the situation, he was also quick to inform that he couldn't help us recover our losses, as he already used the money we gave him to pay his debts, leaving us to either let the money go or retake Sarawak by force.;;;;;;;;;;;;;
EVTDESC801021;As the Dutch crack down on the Kongsi Confederations in their lands, many of their miners migrated into our lands, joining the already existing Hakka in Bau that have been growing ever since the discovery of gold in 1827. While at first the Rajah had an informal agreement with the Kongsi in Bau, with the consolidation of his power, Brooke tightened his grip over them, imposing taxes and restricting the sale of opium and liquor, all the while asserting his legal authority on the once self-governing community. As a response, Liu Shan Bang led an expedition of around 600 Hakka rebels to Kuching to remove Brooke and restore their self-government. The rebels took Kuching and attacked Brooke's residence, forcing the Rajah and his aides to flee and burning his estate. The rebels would soon lose steam and found themselves hunted by Brooke, leading to the death of hundreds of Kongsi civilians and rebels. Following the events of the revolt, Brooke would crack down even harder on the Kongsi, leaving most mining operations in the hands of the Borneo Company Limited.;;;;;;;;;;;;;
EVTDESC801022;With Brooke's position in Sarawak worsening by the day, the White Rajah is lucky to count with a guardian angel back in England—Miss Angela Burdett-Coutts. Being known as the richest heiress in England, Burdett-Coutts was an undispensable ally to Brooke in those challenging years, with her having bailed out Brooke last year and now gifting Sarawak with a brand new steamer to fight piracy in the region. Not only that, but the heiress also has put her efforts into shielding Brooke from his critics in London and pushing the British parliament into recognizing Sarawak's independence—an effort that sadly hasn't come into fruition yet. Despite gossiping in London of something more going between the two, Brooke and Burdett-Coutts grew a deep and platonic relationship, with the Rajah even putting her in his will at one point.;;;;;;;;;;;;;
restore_banjar_title;Rescind Sultan Adam's Contract;;;;;;;;;;;;;
restore_banjar_desc;§RGain 10 infamy§! Despite having taken the position as the main power in Kalimantan since the decline of the Bruneian Empire, it didn't take long for to—just as the Bruneians—find our country in decline. The main culprit were the Dutch—of course—with our nation becoming a protectorate of the Dutch East Indies Company (VOC) under the rule of Sultan Tahmidullah II, who ceded a lot of land and autonomy to the VOC in exchange of support against Prince Amir's rebellion. That blunder, however, was short lived, with the collapse of the Dutch authority in the region and of the VOC allowing for the rise of Sulaiman Saidullah II, our greatest rule, who was able to recover most—if not all—of our lost territories, allowing to—briefly—rule over Kalimantan again. Sadly, as quickly our freedom came, it also went away. When Dutch reasserted their authority over Batavia, they returned to Banjar with the intention to secure Banjar vassalage, forcing Sultan Adam to sign a contract in May 4, 1826, swiftly undoing all of Sultan Sulaiman's accomplishments. If we were to get free, we could easily renounce and rescind the contract signed by Sultan Adam, allowing us to reclaim our rightful territory.;;;;;;;;;;;;;
EVTDESC801023;Datu Patinggi Ali—the former governor governor of Sarawak whose revolt would ultimately put Brooke into power—died in ambush in 1844. That ambush was carried out by 17 Iban lead Libau Rentap, a fierce leader who has been giving Brooke trouble ever since that day. Not satisfied with killing his friend and other soldiers, Rentap carried out a campaign against the White Rajah for more than a decade, with the final confrontation between Brooke and Rentap being the 3rd Expedition to Sandok Hill, where Rentap had built a fort. Built on the side of a hill, Rentap believed the fortress was unconquerable and—to his credit—Brooke's first and second attempts to break it were unsuccessfull. But, a third expedition led by Charles Brooke—the Rajah's heir—counted with a large brass cannon built for the occasion—The Prince of Sadok Mount—that rivaled Rentap's own cannon—known as The One Arm Bachelor—eventually forced Rentap to flee Sadok Mount. Despite his loss, refused to surrender, retreating even deeper but seeing little action against the Rajah until his death in 1863.;;;;;;;;;;;;;
EVTDESC801024;We recently ran into trouble with the chief of Sarikei—a village in the region we recently annexed—Syarif Masahor. First, one of our native officials in Mukah accused him of planning to attack Kuching, inciting us to retain his boats and try to attack his lands, leading him to flee to Brunei. There, he petitioned the British Consul—George Edwardes—to pressure Brooke to back down, which the Rajah did, only to have Kuching attacked by Masahor's forces, with the battle being won by a swift ambushed carried out by Chales Brooke—the Rajah's heir apparent. Ever since this failed attack, the Rajah managed to remove Edwardes from his position as British Consul exile Masahor to Singapore, where he would live until his death.;;;;;;;;;;;;;
EVTDESC801025;After having his brother removed from Brooke's succession, Charles Brooke became Sarawak's next heir apparent. Having long served under James, Charles proved himself as a competent leader, having not only ruled Sarawak in James absence ever since he went back to England, but also successfully leading armies against Rentap, Liu Shan Bang and Syarif Masahor, proving himself in the administrative and military fields. Now, with the death of James Brooke, Charles is proclaimed the new Rajah of Sarawak, with his rule finally being able to take Sarawak's economy off the ground and promoting the immigration of Chinese immigrants into our agriculture, developing Sarawak's countryside.;;;;;;;;;;;;;
EVTDESC801026;To curtail the needless violence and blooshed between the Dayaks—the natives of Borneo—Charles Brooke came with an ingenious plan, instituting the use of boat races to settle conflicts between the tribes, promoting tribes to challenge each other to prove their power and skill. This would give way to the creation of the Sarawak Regatta, a annual boat racing event held in Kuching were the tribes would compete on racing on the Sarawak River, with even different cups for the best racers to compete, the most prestigious of which being the Rajah's and Champion's Cups;;;;;;;;;;;;;
EVTDESC801027;Composed in honor of Charles Brooke by his wife—Margaret of Sarawak—the Sarawak's first nation was composed and published today. The national anthem would be in use throughout all of the Brooke Dynasty's rule over Sarawak, only being replaced once the Raj was ceded to Britain as a crown colony.;;;;;;;;;;;;;
raj_of_marudu_title;The White Rajah of Sabah;;;;;;;;;;;;;
raj_of_marudu_desc;§RGain 2.5 infamy§! Despite being bestowed the position of Raj of Sarawak, James Brooke—the White Rajah—originally planned to land in Marudu Bay and build a power base. Luckily, this endeavor was hindered by a series of (mis)fortunes that eventually let to his position as Raj of Sarawak. Now, as we have secured control of Brunei, it is only natural that revive James Brooke's old aspirations and secure not only Marudu Bay, but also Sandakan and Ambong, unifying all of Sabah under our rule.;;;;;;;;;;;;;
unite_borneo_title;Unite Kalimantan;;;;;;;;;;;;;
unite_borneo_desc;The Island of Kalimantan—known to foreigners as Borneo—has forever been either dominated by foreign powers or divided between warring tribes and fiefdoms, only ever being briefly unified under Bruneian suzerainty. Now, with the Europeans actively carving up the island, unification seems as distance as ever. However, if we are able to modernize and hold our own against the European powers, we may be able to not only expel them from Kalimantan but also unite the island in spite of their efforts to carve us up.;;;;;;;;;;;;;
liberate_sulawesi_title;Liberate Sulawesi;;;;;;;;;;;;;
liberate_sulawesi_desc;§RGain 5 infamy§! Before doubling his interests in the island of Borneo, Brooke had set his eyes on the neighboring Sulawesi—also known as the Celebes. There, he observed the native population of the region—the Bugis—and concluded that—if left alone—they would have progressed to the same levels of civilization as the Europeans in the region and there they were worthy of rights and recognition, to be freed and spared the horros of despotism. Sadly, such advancement—as Brooke noted—was reversed by the Dutch in their intervention in the region, making so the Bugis would disrepect their own laws and traditions, much to the detriment of their society. If we were to be strong enough, we could—in theory—challenge the Dutch and free the Bugis, granting them the same level of freedom we did to the Dayaks and Malays of Borneo.;;;;;;;;;;;;;
EVTDESC801028;While at first the arrival of the Brooke family in Sarawak allowed us to keep our influence over Kuching, quickily, with the outbreak of the Anglo-Bruneian War, it became clear that Brooke's presence was not as benign as it was at first. Ever since then, the Brookes have been encroaching in our territory. That—paired with the establishment of the British North Borneo Company in Sabah—have reduced our territory greatly. With our sultan believing that our only option could be appealing to Britain to stop these territorial takeovers.;;;;;;;;;;;;;
EVTDESC801029;Having recently elevated the Raj of Sarawak to the status of a protected state of the British Empire, we are now presented with another opportunity to deprive our enemies of finding a foothold in Borneo. The Sultan Hashim Jalilul Alam Aqamaddin of Brunei has appealed to the British Empire to put his domains—which have been greatly diminished due to James and Charles Brooke's efforts—under the protection of the British Empire, with the goals of protecting them from any further expansion by Brooke.;;;;;;;;;;;;;
EVTDESC801030;Sadly, we find misfortune even when we completely surrender our independence to a foreign power. The British seem to have decided not to grant us the great privileged to be a protected state under their empire, leaving us to be under the threat of Brooke and the North Borneo Company by ourselves.;;;;;;;;;;;;;
EVTDESC801031;Despite being elevated to the status of protected state, we can't deny that we weren't that keen in keeping Brunei intact. Actually, many of our local officials have sided with Charles Brooke's ambitions of ultimately incorporating Brunei into Sarawak, due to the many unflattering reports done by our officials before that. To adress the situation of Brunei once and for all, we have commissioned a report to be elaborated by McArthur, despite objections from Brooke. Now, after more than 6 months, McArthur has presented his report, describing the miserable situation in Brunei and delivering a couple of alternatives. Two of them—keeping the status quo or incorporating Brunei into North Borneo—were discarded by McArthur, him recommending we either incorporate it into Sarawak—which he was unfavorable of, as would be the Bruneian population and government—or implementing the British Resident System and directly intervening in Brunei's affairs, with the slight chance to undo the country's terminal decline.;;;;;;;;;;;;;
EVTDESC801032;After decades of being entrapped by our debts to French, we have finally settled our accounts with France, being now free to persue our future without having to worry about the legacy of the predatory neocolonialism our old overlords put us through. While the payment of our debts improved our relations with the French, it is obvious that this whole ordeal won't be forgotten by Haiti and its people.;;;;;;;;;;;;;
EVTDESC801033;Without a land connection to al-Arish, its owners can no longer defend it. We will therefore take it over.;;;;;;;;;;;;;
EVTDESC801034;Without a land connection to al-Arish, the owners of Nekhel have taken it over.;;;;;;;;;;;;;
EVTDESC801035;Without a land connection to Sulina, its owners can no longer defend it. We will therefore take it over.;;;;;;;;;;;;;
EVTDESC801036;Without a land connection to Sulina, the owners of Tulça have taken it over.;;;;;;;;;;;;;
abkhaz_peoples_council_title;Abkhaz People's Congress;;;;;;;;;;;;;
abkhaz_peoples_council_desc;Abkhazia has long been under foreign rule. Even ignoring the Russian overlordship in the recent years, the Abkhaz people has long been ruled by Georgian princes which have done much to tie Abkhazia to their heartland in Tbilisi. Now—with our freedom—there is the need for us to assert our identity to prevent us from losing our long-awaited independence. To this end, we shall convene the Abkhaz People's Council with the goal of uniting our people, reforming our state and making sure to prevent any notion of political union with Georgia ever again.;;;;;;;;;;;;;
accept_mrnc_title;Union of Cossacks, Mountain Peoples of the Caucasasus and Free Steppe Peoples;;;;;;;;;;;;;
accept_mrnc_desc;While we came to the region as invaders carrying out Moscow's will, as we settled in the Northern Caucasus and the Steppes we slowly started to conduct some quite productive cultural exchange with the natives, growing quite friendly with some of them. Without Russian pressure, our cultural customs alligned pretty well with the natives, leading to some degree of cooperation with the Kalmyks, Mountain Peoples and even the Kazakhs of Bukey close-by. Now, as we reform our administration to better include those conquered peoples, it is clear that there is a need for us to gather support among the Mountaineers and Steppe Peoples to proclaim ourselves as the Union of Cossacks, Mountain Peoples of the Caucasasus and Free Steppe Peoples, cementing the place of our new friends in our nation!;;;;;;;;;;;;;
ural_cossacks_title;Unite the Orenburg and Ural Cossacks;;;;;;;;;;;;;
ural_cossacks_desc;§RGain 7.5 infamy§! Despite being right next to each other the Orenburg and Ural Cossacks have long had a lot of friction with each other. Considering our position as our own Cossack nation independent from the Russian Bear and our contacts with the Bukey Kazakhs we could incentivize both the Ural and Orenburg Cossacks to put their differences aside and join us, allowing our state to inch ever closer to our dreams of uniting the Cossacks into a single nation.;;;;;;;;;;;;;
EVTDESC801037;It may not look like, but Svaneti is divided. Not only the Dadishkeliani princes have long lost control over many communities in the east over a century ago, but ever since 1828 we have been caught in a dispute between two branches of the Dadishkeliani House that have split the Principality of Svaneti into two—currently divided between Princes Tsiokh and Tatarkhan. With both princes fearing an attack by the other, Levan Dadiani—the Prince of Mingrelia—has suggested both rulers convert to Orthodoxy and sign a protectorate agreement with the Russian Empire, signing away some of our freedom but keeping our autonomy and a sense of security in hoping that they will deal with any conflicts between the two branches of the Dadishkeliani House.;;;;;;;;;;;;;
EVTDESC801038;The Prince of Mingrelia came to us informing he mediated a protectorate agreement between us and the Dadishkeliani Princes of Svaneti. While this arrangement would boil down to nominal vassalage, it would be a continuation of our efforts in 1828—where we established our influence among Svaneti's Princes—firmly turning the Dadishkeliani into our vassals. Not only that but the free societies of Eastern Svaneti have also been looking for our protection against the Dadishkeliani Princes as well, putting all of Svaneti under our nominal control.;;;;;;;;;;;;;
create_czechoslovakia_title;Create Czechoslovakia;;;;;;;;;;;;;
create_czechoslovakia_desc;§RGain 2 infamy§! Ever since the Prague Slavic Congress was held in 1848, there has been a great push for the autonomy—and even the independence—of both the Czech and Slovak nationsm, with both nations being at that point under Habsburg control. As the situation evolved, the Czechs and Slovaks came to see our nation as an essential ally in their struggle for freedom, with many of them coming so far as to organize political groups within our territories and even forming military forces to auxiliate us in any war that would allow us to put Czecho-Slovakian freedom on the peace table. \n\nWith this, we are put in the unique position of being able to use these West Slavic poltical groups hosted by our nation to create a new nation from the carcass of the Habsburg Monarchy—Czechoslovakia—a union between the Czech and Slovaks that have been fighting for our nation in exchange for us backing their freedom, a set of allies that is sure to be eternally indebted to us for helping them.;;;;;;;;;;;;;
alldutch_movement_title;Support the Aldietse Beweging;;;;;;;;;;;;;;;;;;;;;;;;;;
alldutch_movement_desc;§RGain 40 infamy§! Constant Jacob Hansen—a Flemish librarian at the Library of Antwerp—created the Aldietse Beweging—the Alldutch Movement—after traveling through North Germany and being convinced of the natural cultural and linguistic affinity between the Dutch, Frisian and Low German peoples—a long lost but once flourishing sense of cultural unity going from Dunkirk to Königsberg. A member of a very particular set of patriots that sees German Nationalism as a positive force—largely due to its rising proeminence and anti-French sentiment—Hansen promoted the revitalization of the Dutch culture and to have the Low Germans join us in this endeavor. \n\nHansen's movement—despite gathering a lot of support in Flanders—finds itself lost, with no idea how to advance the Dutch, Frisian and Low German peoples, despite advocating so much for their shared kinship. If we were to take assert our position by challening Prussia and France, we could utilize our Hansen's movement to present a credible alternative to German Unification that would put us in control of North Germany and maybe sway some Low German intellectuals that may have long felt snobbed by High German's cultural primary over the centuries.;;;;;;;;;;;;;
EVTDESC801039;While Europe stands in shock as our troops sweep through North Germany we begin to settle in the region, putting some of the Alldutch Movement's ideas in practice and discussing our future with some of our Low German sympathizers. Currently, as we have to deal with the huge swathes of North Germans we just incorporated, we are faced with one of Hansen's main ideas, that of Dutch being corrupted and debased, with his obsession with Middle Dutch giving way to a proposed new lingua franca to our nation, a mixture of Middle Dutch and German. If we were to allign fully with Hansen's ideas, our ultimate objective would be transforming the Netherlands into a Lower German state.;;;;;;;;;;;;;
NET_absolute_empire;Lower Germany;;;;;;;;;;;;;
NET_semi_constitutional_empire;Lower Germany;;;;;;;;;;;;;
NET_constitutional_empire;Lower Germany;;;;;;;;;;;;;
NET_absolute_empire_ADJ;Low German;;;;;;;;;;;;;
NET_semi_constitutional_empire_ADJ;Low German;;;;;;;;;;;;;
NET_constitutional_empire_ADJ;Low German;;;;;;;;;;;;;
EVTDESC801040;Having recently granted united the Cossack hosts along the Black Sea into a single autonomous Cossack host, our representative to Rostov has informed us that our subjects have petitoned him to allow the union between them and the Terek and Astrakhan hosts to their east, basically granting them control all of the North Caucasus. This wouldn't change much for us, as the Astrakhan Cossacks would keep guarding us against Kazakh raids and the Terek Cossacks would still coordinate with the other Cossacks to put down the Mountain Peoples of Circassia and Dagestan. Of course, while this would grant our subjects in Rostov more power, they would still be firmly under our thumb.;;;;;;;;;;;;;
social_housing_title;Promote Social Housing;;;;;;;;;;;;The loc bellow was done by pirat1207;
social_housing_desc;§R(Pay 150,000¤)§! Local authorities around the country have expressed interest in alleviating the working-classes crammed living conditions. The situation is especially dire in our capital, where families must share single rooms. This does not befit a workers state like ours. Progressive architects and politicians approached us with a proposal to begin a program of mass social housing. This would be a pilot project to take advantage of new construction methods and display our technological might! Oh, and to house the poor—of course;;;;;;;;;;;;;
EVTDESC801041;Das Neue Frankfurt—New Frankfurt—was perhaps the first large-scale cohesively planned and designed social housing project, pioneering modern construction methods and the style of Neues Bauen. Initially intended to build 10,000 apartments, under Ernst May's leadership the program overshot it's goal and produced 12,000. It's most lasting contribution however was the Frankfurter Küche, Frankfurt Kitchen, being the first standardized built-in kitchen in a purposeful, unified design and remains the model for built in kitchens to this day.;;;;;;;;;;;;;
found_magnitogorsk_title;Found Magnitogorsk;;;;;;;;;;;;;
found_magnitogorsk_desc;Mount Magnitnaya, Magnetic Mountain, consists almost entirely of exceptionally pure iron ore. Recent advances in modern city planning and building techniques are coming out of Ernst May's New Frankfurt. We will hire May and his brigade to build us a new model city to take advantage of Mount Magnitnaya's iron production and feed our blast furnaces' eternal hunger!;;;;;;;;;;;;;
EVTDESC801042;Recent efforts to give the working classes ample living quarters have paid off. Vienna has long been a bastion of social-democracy and socialism, where left factions have repeatedly held absolute majorities, earning the moniker of Red Vienna. That has led to recent expansive social housing projects being carried out by the city's government, laying the groundwork for an affordable, social Vienna and a tradition of city-owned housing, much to the relief of Vienna's workers!;;;;;;;;;;;;;
EVTDESC801043;Berlin and it's architects are on the bleeding edge of contemporary architecture. The city's investments in social housing have lead to an increased supply of nigh on half a million apartments in the newest style, which are a stark departure from the wilheminian tenements. Families are moving from crammed buildings with shared bathrooms to modern, affordable apartments with kitchens, bathrooms, and balconies—in buildings without rear courtyards or side wings, but instead with light, air, and sunshine.;;;;;;;;;;;;The loc above was made by pirat1207;
invite_outlanders_title;Invite the Outlanders!;;;;;;;;;;;;;
invite_outlanders_desc;We, the Boers, found our roots in the first free burghers that settled in South Africa, being driven out of the Cape itself first by the Vereenigde Oostindische Compagnie's policies and then by the English laws. Now that we are finally free from foreign opressors, we have struck gold in our great nation, attracting some immigrants from affar. While some argue that our nation should be harsh to these opportunistic foreigners, which we call "Outlanders", the truth is that we could integrate the outlanders into our nation, embracing our place as a nation of immigrants—even if we risk not being able to integrate all of them.;;;;;;;;;;;;;
EVTDESC801044;As a newly-born nation, our government aims to find a national identity for our people, but recently, with our hegemony over South Africa, some of liberals in the volksraad have pushed to implement the 17th of June as a national holyday, celebrating the 100th years since the first Boer Republic, the Republic of Swellendam and the Republic of Graaff-Reinet. While both republics would be ended by British intervention in the Cape, they both serve as an example for our nation's long fight against foreign tyrants. Thus, in this 17th of June, 1895, half of our cabinet will gather in Swellendam while the other half will do the same in Graaff-Reinet, both capitals of their respective republics and some of the Cape's oldests cities, to celebrate the centennial of the first Boer states.;;;;;;;;;;;;; 
EVTDESC801045;Now that we have influence over the Arabian nations in the peninsula, we must decide which Royal Family will rule the united kingdom under us. The Hashemites based in Mecca who have long the sharifs of Mecca, the House of Al-Rashid to the North in Hail who may promise stability, or the House of Al-Saud, following the code of Wahhabism ruling from Riyadh.;;;;;;;;;;;;;
EVTDESC801046;The Voortrekkers in South Africa have undoubtedly been a thorn in our side. While we had initially positioned garrisons to protect the Boers, we have now tasked Sir George Russel Clerk with preparing the Orange River Sovereignty for self-government. However, an elected body among the Boers has, instead, drafted a constitution that would keep them British subjects. This development has forced Clerk to work with an anti-British faction—the Republican Committee—to prepare the region for British withdrawal and abide by Earl Grey's policy of abandoning the Sovereignty. \n\nNow, we are preparing a proclamation to renounce dominion over the Orange River Sovereignty and sign a convention with the Boer leaders at Bloemfontein.;;;;;;;;;;;;;
EVTDESC801047;As the discussion about the Orange River Sovereignty stalls—allowing the representatives of the pro-British Boers to arrive in London—the Conservative member of parliament—who is acting as an advisor to the Boers that arrived in London and joined the debate—has delivered a passionate speech about how the British withdrawal is against the colonists wishes and how—after having already created a land connection to the Sovereignty—it would be cruel to pull away from the Orange River and leave all of these willing British subjects stranded because of a former Colonial Secretary's policy. The House of Commons is embroiled in loud discussion as it becomes clear and clear that—for the goodness of British politics—this matter needs to be settled today.;;;;;;;;;;;;;
EVTDESC801048;After a long debate in the House of Commons, we managed to issue a proclamation renouncing our dominion over the Orange River Sovereignty, allowing Sir George Clerk to sign the Orange River Convention with Republican Committee in Bloemfontein, with the Boer government assuming right after. The Convention would recognize the independence of the Orange Free State—despite representatives from the pro-British elected body arriving at London and having an audience with the Colonial Secretary just five days later—restricting our expansion in South Africa to the coast for the time being.;;;;;;;;;;;;;
EVTDESC801049;Despite the efforts of the treacherous Republican Committee and some members of the British parliament, we managed to get to London in time to tip the debate in the House of Commons in our favor with the help of Mister Charles Adderley, securing the British overlordship over our lands! Now Bloemfontein shall be the center of the new Orange River Colony of the British Empire, as a declaration is signed in our new capital recognizing our status as formal British subjects.;;;;;;;;;;;;;
EVTDESC801050;The Boers in South Africa continue to cause us trouble. Having declared sovereignty over the Vaal River, the region which once was seen as a refuge from the British since became a hotbed of trouble, with anti-British raiding parties by the Boers making our presence in the region costly. One of the main leaders of the Boers is the former Prime Minister of Natalia, Andries Pretorius, which we have since put a bounty on. It seems, however that lifting the bounty on Pretorius might be the best course of action. Our Colonial Secretary, Earl Grey, has sent a letter to the Governor of Cape Colony informing him that the British presence in the region should be kept at the coast. With such, it becomes useful for us to lift the bounty with Pretorius and reach a settlement with him for the independence of the Boers north of the Vaal River—ridding us of those troublesome Boers.;;;;;;;;;;;;;
russian_simplon_title;Further Work on the Georgian Miitary Road
russian_simplon_desc;§R(Pay 100,000¤)§! Descending from a route known as Porta Caucasia—as mentioned by Pliny the Elder—the Georgia Military Road was built by our military in 1799, after we managed to establish a protectorate over the Georgians in 1783. Since then—while the road saw some work before that—the Road was modernized by Aleksey Yermolov—the commander of the our forces in the Caucasus at the time—and, despite his work being supposedly being finished in 1817, we have been improving on his work since them. Now, as our hold over the Caucasus gets tighter and tighter, it is about time we finish the Georgian Military Road and show the state of the art Russian engineering to the world!;;;;;;;;;;;;;
EVTDESC801051;Today a meeting has happened in the Moravian city of Brno between Czech and Slovak representatives. Of course, as we exercise some authority over Bohemia, were invited to the meeting as well. Soon, however, our delegate to the ordeal would understand the true purpose of that meeting—petitioning our government for the union between Bohemia and Slovakia. It seems that ever since both nations have been independent, they have—somewhat discreetly—been in talks about the possible union between Czechs and Slovaks. After the meeting in Brno, our advisors have been debating on the possibility—and the consequences—of such a union. Of course, together both nations would be have a stronger position against foreign threats—be them ours or Hungarians—and also be less economically reliant on us. While that is naturally a dangerous prospect and leading to some loss of influence, having a stronger partner isn't necessarily a bad thing—as long as they stay loyal.;;;;;;;;;;;;;